owner_fn,owner_ln,owner_email,apt_addr,apt_price,apt_desc,apt_avail,photo_url,photo_caption,checkin,checkout,b_status,b_cost,rev_comment,rev_rating,rev_date
Owner_0,Surname_0,user0@mail.com,"Street 0, Apt 86",378.27,Comfortable place,False,http://img.com/0.jpg,Interior view,2026-03-18,2026-03-20,Confirmed,235.5334535300794,Great experience!,3,2026-03-18
Owner_1,Surname_1,user1@mail.com,"Street 1, Apt 10",446.12,Comfortable place,True,http://img.com/1.jpg,Interior view,2026-03-19,2026-03-21,Confirmed,589.4207219201971,Great experience!,5,2026-03-18
Owner_2,Surname_2,user2@mail.com,"Street 2, Apt 30",358.9,Comfortable place,True,http://img.com/2.jpg,Interior view,2026-03-20,2026-03-22,Confirmed,150.28650053921896,Great experience!,3,2026-03-18
Owner_3,Surname_3,user3@mail.com,"Street 3, Apt 41",267.12,Comfortable place,False,http://img.com/3.jpg,Interior view,2026-03-21,2026-03-23,Confirmed,364.3906322529716,Great experience!,1,2026-03-18
Owner_4,Surname_4,user4@mail.com,"Street 4, Apt 40",196.04,Comfortable place,True,http://img.com/4.jpg,Interior view,2026-03-22,2026-03-24,Confirmed,486.0169159947893,Great experience!,5,2026-03-18
Owner_5,Surname_5,user5@mail.com,"Street 5, Apt 3",394.16,Comfortable place,False,http://img.com/5.jpg,Interior view,2026-03-23,2026-03-25,Confirmed,405.4677121195383,Great experience!,4,2026-03-18
Owner_6,Surname_6,user6@mail.com,"Street 6, Apt 76",379.48,Comfortable place,True,http://img.com/6.jpg,Interior view,2026-03-24,2026-03-26,Confirmed,497.1150239557828,Great experience!,1,2026-03-18
Owner_7,Surname_7,user7@mail.com,"Street 7, Apt 80",409.2,Comfortable place,True,http://img.com/7.jpg,Interior view,2026-03-25,2026-03-27,Confirmed,913.7788917221808,Great experience!,2,2026-03-18
Owner_8,Surname_8,user8@mail.com,"Street 8, Apt 78",239.32,Comfortable place,False,http://img.com/8.jpg,Interior view,2026-03-26,2026-03-28,Confirmed,598.0249192512883,Great experience!,2,2026-03-18
Owner_9,Surname_9,user9@mail.com,"Street 9, Apt 67",266.91,Comfortable place,True,http://img.com/9.jpg,Interior view,2026-03-27,2026-03-29,Confirmed,135.42510237852872,Great experience!,1,2026-03-18
Owner_10,Surname_10,user10@mail.com,"Street 10, Apt 30",354.82,Comfortable place,True,http://img.com/10.jpg,Interior view,2026-03-28,2026-03-30,Confirmed,968.2517176805641,Great experience!,4,2026-03-18
Owner_11,Surname_11,user11@mail.com,"Street 11, Apt 80",307.15,Comfortable place,False,http://img.com/11.jpg,Interior view,2026-03-29,2026-03-31,Confirmed,146.08586868803627,Great experience!,4,2026-03-18
Owner_12,Surname_12,user12@mail.com,"Street 12, Apt 1",251.28,Comfortable place,True,http://img.com/12.jpg,Interior view,2026-03-30,2026-04-01,Confirmed,162.81028098040875,Great experience!,4,2026-03-18
Owner_13,Surname_13,user13@mail.com,"Street 13, Apt 88",360.96,Comfortable place,True,http://img.com/13.jpg,Interior view,2026-03-31,2026-04-02,Confirmed,332.3998713726783,Great experience!,2,2026-03-18
Owner_14,Surname_14,user14@mail.com,"Street 14, Apt 55",477.64,Comfortable place,True,http://img.com/14.jpg,Interior view,2026-04-01,2026-04-03,Confirmed,788.7931356074395,Great experience!,4,2026-03-18
Owner_15,Surname_15,user15@mail.com,"Street 15, Apt 15",483.02,Comfortable place,True,http://img.com/15.jpg,Interior view,2026-04-02,2026-04-04,Confirmed,588.9159088151748,Great experience!,3,2026-03-18
Owner_16,Surname_16,user16@mail.com,"Street 16, Apt 48",178.15,Comfortable place,False,http://img.com/16.jpg,Interior view,2026-04-03,2026-04-05,Confirmed,805.9950588247088,Great experience!,3,2026-03-18
Owner_17,Surname_17,user17@mail.com,"Street 17, Apt 59",359.78,Comfortable place,True,http://img.com/17.jpg,Interior view,2026-04-04,2026-04-06,Confirmed,343.83320175021413,Great experience!,1,2026-03-18
Owner_18,Surname_18,user18@mail.com,"Street 18, Apt 74",407.71,Comfortable place,False,http://img.com/18.jpg,Interior view,2026-04-05,2026-04-07,Confirmed,125.76661910953177,Great experience!,1,2026-03-18
Owner_19,Surname_19,user19@mail.com,"Street 19, Apt 7",362.28,Comfortable place,False,http://img.com/19.jpg,Interior view,2026-04-06,2026-04-08,Confirmed,305.55395822473224,Great experience!,1,2026-03-18
Owner_20,Surname_20,user20@mail.com,"Street 20, Apt 91",71.91,Comfortable place,True,http://img.com/20.jpg,Interior view,2026-04-07,2026-04-09,Confirmed,452.2399200585797,Great experience!,2,2026-03-18
Owner_21,Surname_21,user21@mail.com,"Street 21, Apt 91",133.82,Comfortable place,True,http://img.com/21.jpg,Interior view,2026-04-08,2026-04-10,Confirmed,509.4061532205517,Great experience!,4,2026-03-18
Owner_22,Surname_22,user22@mail.com,"Street 22, Apt 85",262.74,Comfortable place,True,http://img.com/22.jpg,Interior view,2026-04-09,2026-04-11,Confirmed,262.8733423137794,Great experience!,1,2026-03-18
Owner_23,Surname_23,user23@mail.com,"Street 23, Apt 82",160.17,Comfortable place,True,http://img.com/23.jpg,Interior view,2026-04-10,2026-04-12,Confirmed,757.5243059063571,Great experience!,3,2026-03-18
Owner_24,Surname_24,user24@mail.com,"Street 24, Apt 11",332.22,Comfortable place,True,http://img.com/24.jpg,Interior view,2026-04-11,2026-04-13,Confirmed,842.7291963823731,Great experience!,3,2026-03-18
Owner_25,Surname_25,user25@mail.com,"Street 25, Apt 50",441.74,Comfortable place,True,http://img.com/25.jpg,Interior view,2026-04-12,2026-04-14,Confirmed,346.9151794785522,Great experience!,5,2026-03-18
Owner_26,Surname_26,user26@mail.com,"Street 26, Apt 78",341.1,Comfortable place,True,http://img.com/26.jpg,Interior view,2026-04-13,2026-04-15,Confirmed,943.7786585890177,Great experience!,4,2026-03-18
Owner_27,Surname_27,user27@mail.com,"Street 27, Apt 60",55.97,Comfortable place,False,http://img.com/27.jpg,Interior view,2026-04-14,2026-04-16,Confirmed,216.82997620859314,Great experience!,2,2026-03-18
Owner_28,Surname_28,user28@mail.com,"Street 28, Apt 55",467.9,Comfortable place,False,http://img.com/28.jpg,Interior view,2026-04-15,2026-04-17,Confirmed,701.8914685008343,Great experience!,4,2026-03-18
Owner_29,Surname_29,user29@mail.com,"Street 29, Apt 57",387.93,Comfortable place,True,http://img.com/29.jpg,Interior view,2026-04-16,2026-04-18,Confirmed,939.5070146365308,Great experience!,3,2026-03-18
Owner_30,Surname_30,user30@mail.com,"Street 30, Apt 94",232.24,Comfortable place,True,http://img.com/30.jpg,Interior view,2026-04-17,2026-04-19,Confirmed,499.4058688487483,Great experience!,3,2026-03-18
Owner_31,Surname_31,user31@mail.com,"Street 31, Apt 37",485.14,Comfortable place,True,http://img.com/31.jpg,Interior view,2026-04-18,2026-04-20,Confirmed,642.0683526792938,Great experience!,1,2026-03-18
Owner_32,Surname_32,user32@mail.com,"Street 32, Apt 62",294.45,Comfortable place,False,http://img.com/32.jpg,Interior view,2026-04-19,2026-04-21,Confirmed,608.9012074465036,Great experience!,1,2026-03-18
Owner_33,Surname_33,user33@mail.com,"Street 33, Apt 88",175.12,Comfortable place,True,http://img.com/33.jpg,Interior view,2026-04-20,2026-04-22,Confirmed,281.67606102857883,Great experience!,2,2026-03-18
Owner_34,Surname_34,user34@mail.com,"Street 34, Apt 89",346.62,Comfortable place,False,http://img.com/34.jpg,Interior view,2026-04-21,2026-04-23,Confirmed,587.2864155058287,Great experience!,3,2026-03-18
Owner_35,Surname_35,user35@mail.com,"Street 35, Apt 83",132.06,Comfortable place,False,http://img.com/35.jpg,Interior view,2026-04-22,2026-04-24,Confirmed,696.9702585049902,Great experience!,3,2026-03-18
Owner_36,Surname_36,user36@mail.com,"Street 36, Apt 25",345.03,Comfortable place,False,http://img.com/36.jpg,Interior view,2026-04-23,2026-04-25,Confirmed,909.076859331761,Great experience!,1,2026-03-18
Owner_37,Surname_37,user37@mail.com,"Street 37, Apt 46",120.26,Comfortable place,False,http://img.com/37.jpg,Interior view,2026-04-24,2026-04-26,Confirmed,365.8830151459011,Great experience!,2,2026-03-18
Owner_38,Surname_38,user38@mail.com,"Street 38, Apt 61",447.68,Comfortable place,False,http://img.com/38.jpg,Interior view,2026-04-25,2026-04-27,Confirmed,670.9140636899447,Great experience!,4,2026-03-18
Owner_39,Surname_39,user39@mail.com,"Street 39, Apt 43",425.58,Comfortable place,False,http://img.com/39.jpg,Interior view,2026-04-26,2026-04-28,Confirmed,801.4006084599945,Great experience!,1,2026-03-18
Owner_40,Surname_40,user40@mail.com,"Street 40, Apt 100",454.14,Comfortable place,True,http://img.com/40.jpg,Interior view,2026-04-27,2026-04-29,Confirmed,826.8806032425101,Great experience!,4,2026-03-18
Owner_41,Surname_41,user41@mail.com,"Street 41, Apt 69",324.33,Comfortable place,False,http://img.com/41.jpg,Interior view,2026-04-28,2026-04-30,Confirmed,973.6956257164919,Great experience!,2,2026-03-18
Owner_42,Surname_42,user42@mail.com,"Street 42, Apt 59",367.71,Comfortable place,True,http://img.com/42.jpg,Interior view,2026-04-29,2026-05-01,Confirmed,520.2360085047912,Great experience!,4,2026-03-18
Owner_43,Surname_43,user43@mail.com,"Street 43, Apt 63",128.79,Comfortable place,True,http://img.com/43.jpg,Interior view,2026-04-30,2026-05-02,Confirmed,184.21581215225189,Great experience!,5,2026-03-18
Owner_44,Surname_44,user44@mail.com,"Street 44, Apt 87",157.26,Comfortable place,False,http://img.com/44.jpg,Interior view,2026-05-01,2026-05-03,Confirmed,364.12334559310597,Great experience!,5,2026-03-18
Owner_45,Surname_45,user45@mail.com,"Street 45, Apt 72",357.34,Comfortable place,True,http://img.com/45.jpg,Interior view,2026-05-02,2026-05-04,Confirmed,843.4178923341435,Great experience!,2,2026-03-18
Owner_46,Surname_46,user46@mail.com,"Street 46, Apt 14",99.73,Comfortable place,False,http://img.com/46.jpg,Interior view,2026-05-03,2026-05-05,Confirmed,384.6862155877935,Great experience!,4,2026-03-18
Owner_47,Surname_47,user47@mail.com,"Street 47, Apt 56",484.74,Comfortable place,True,http://img.com/47.jpg,Interior view,2026-05-04,2026-05-06,Confirmed,700.4495234414886,Great experience!,4,2026-03-18
Owner_48,Surname_48,user48@mail.com,"Street 48, Apt 84",200.33,Comfortable place,False,http://img.com/48.jpg,Interior view,2026-05-05,2026-05-07,Confirmed,251.97181569772766,Great experience!,4,2026-03-18
Owner_49,Surname_49,user49@mail.com,"Street 49, Apt 7",208.93,Comfortable place,True,http://img.com/49.jpg,Interior view,2026-05-06,2026-05-08,Confirmed,368.3671477203754,Great experience!,2,2026-03-18
Owner_0,Surname_0,user0@mail.com,"Street 50, Apt 76",291.96,Comfortable place,False,http://img.com/50.jpg,Interior view,2026-05-07,2026-05-09,Confirmed,306.18605080932696,Great experience!,3,2026-03-18
Owner_1,Surname_1,user1@mail.com,"Street 51, Apt 36",216.2,Comfortable place,True,http://img.com/51.jpg,Interior view,2026-05-08,2026-05-10,Confirmed,340.0479087335056,Great experience!,2,2026-03-18
Owner_2,Surname_2,user2@mail.com,"Street 52, Apt 19",81.57,Comfortable place,True,http://img.com/52.jpg,Interior view,2026-05-09,2026-05-11,Confirmed,758.8340807826283,Great experience!,5,2026-03-18
Owner_3,Surname_3,user3@mail.com,"Street 53, Apt 68",327.4,Comfortable place,False,http://img.com/53.jpg,Interior view,2026-05-10,2026-05-12,Confirmed,911.4146378751439,Great experience!,1,2026-03-18
Owner_4,Surname_4,user4@mail.com,"Street 54, Apt 28",99.19,Comfortable place,False,http://img.com/54.jpg,Interior view,2026-05-11,2026-05-13,Confirmed,786.1292396288949,Great experience!,3,2026-03-18
Owner_5,Surname_5,user5@mail.com,"Street 55, Apt 35",451.04,Comfortable place,True,http://img.com/55.jpg,Interior view,2026-05-12,2026-05-14,Confirmed,209.10440409540416,Great experience!,2,2026-03-18
Owner_6,Surname_6,user6@mail.com,"Street 56, Apt 99",211.95,Comfortable place,False,http://img.com/56.jpg,Interior view,2026-05-13,2026-05-15,Confirmed,291.24426070115675,Great experience!,3,2026-03-18
Owner_7,Surname_7,user7@mail.com,"Street 57, Apt 60",248.07,Comfortable place,True,http://img.com/57.jpg,Interior view,2026-05-14,2026-05-16,Confirmed,188.5835602885042,Great experience!,2,2026-03-18
Owner_8,Surname_8,user8@mail.com,"Street 58, Apt 21",343.52,Comfortable place,False,http://img.com/58.jpg,Interior view,2026-05-15,2026-05-17,Confirmed,408.10883946964,Great experience!,2,2026-03-18
Owner_9,Surname_9,user9@mail.com,"Street 59, Apt 39",243.49,Comfortable place,True,http://img.com/59.jpg,Interior view,2026-05-16,2026-05-18,Confirmed,238.07161299713042,Great experience!,1,2026-03-18
Owner_10,Surname_10,user10@mail.com,"Street 60, Apt 62",203.03,Comfortable place,False,http://img.com/60.jpg,Interior view,2026-05-17,2026-05-19,Confirmed,743.1427316283513,Great experience!,1,2026-03-18
Owner_11,Surname_11,user11@mail.com,"Street 61, Apt 48",115.65,Comfortable place,True,http://img.com/61.jpg,Interior view,2026-05-18,2026-05-20,Confirmed,399.1396956688358,Great experience!,2,2026-03-18
Owner_12,Surname_12,user12@mail.com,"Street 62, Apt 35",191.05,Comfortable place,True,http://img.com/62.jpg,Interior view,2026-05-19,2026-05-21,Confirmed,558.9535177908501,Great experience!,3,2026-03-18
Owner_13,Surname_13,user13@mail.com,"Street 63, Apt 64",321.2,Comfortable place,True,http://img.com/63.jpg,Interior view,2026-05-20,2026-05-22,Confirmed,208.72785143457799,Great experience!,4,2026-03-18
Owner_14,Surname_14,user14@mail.com,"Street 64, Apt 55",380.17,Comfortable place,True,http://img.com/64.jpg,Interior view,2026-05-21,2026-05-23,Confirmed,865.2449672088413,Great experience!,3,2026-03-18
Owner_15,Surname_15,user15@mail.com,"Street 65, Apt 97",369.84,Comfortable place,True,http://img.com/65.jpg,Interior view,2026-05-22,2026-05-24,Confirmed,177.9631233698289,Great experience!,5,2026-03-18
Owner_16,Surname_16,user16@mail.com,"Street 66, Apt 97",181.61,Comfortable place,False,http://img.com/66.jpg,Interior view,2026-05-23,2026-05-25,Confirmed,511.26032708920195,Great experience!,1,2026-03-18
Owner_17,Surname_17,user17@mail.com,"Street 67, Apt 4",205.13,Comfortable place,True,http://img.com/67.jpg,Interior view,2026-05-24,2026-05-26,Confirmed,760.8030004608821,Great experience!,5,2026-03-18
Owner_18,Surname_18,user18@mail.com,"Street 68, Apt 69",323.1,Comfortable place,False,http://img.com/68.jpg,Interior view,2026-05-25,2026-05-27,Confirmed,419.058058737303,Great experience!,4,2026-03-18
Owner_19,Surname_19,user19@mail.com,"Street 69, Apt 73",359.24,Comfortable place,False,http://img.com/69.jpg,Interior view,2026-05-26,2026-05-28,Confirmed,848.1042150078947,Great experience!,2,2026-03-18
Owner_20,Surname_20,user20@mail.com,"Street 70, Apt 32",328.21,Comfortable place,False,http://img.com/70.jpg,Interior view,2026-05-27,2026-05-29,Confirmed,361.59911800369946,Great experience!,3,2026-03-18
Owner_21,Surname_21,user21@mail.com,"Street 71, Apt 55",381.48,Comfortable place,False,http://img.com/71.jpg,Interior view,2026-05-28,2026-05-30,Confirmed,926.4842581373371,Great experience!,3,2026-03-18
Owner_22,Surname_22,user22@mail.com,"Street 72, Apt 88",269.5,Comfortable place,True,http://img.com/72.jpg,Interior view,2026-05-29,2026-05-31,Confirmed,866.2148763860803,Great experience!,1,2026-03-18
Owner_23,Surname_23,user23@mail.com,"Street 73, Apt 68",365.75,Comfortable place,True,http://img.com/73.jpg,Interior view,2026-05-30,2026-06-01,Confirmed,250.60130411825318,Great experience!,5,2026-03-18
Owner_24,Surname_24,user24@mail.com,"Street 74, Apt 72",65.63,Comfortable place,True,http://img.com/74.jpg,Interior view,2026-05-31,2026-06-02,Confirmed,367.94523439052057,Great experience!,2,2026-03-18
Owner_25,Surname_25,user25@mail.com,"Street 75, Apt 12",113.1,Comfortable place,False,http://img.com/75.jpg,Interior view,2026-06-01,2026-06-03,Confirmed,710.1932960866222,Great experience!,1,2026-03-18
Owner_26,Surname_26,user26@mail.com,"Street 76, Apt 52",252.07,Comfortable place,False,http://img.com/76.jpg,Interior view,2026-06-02,2026-06-04,Confirmed,183.23661163279127,Great experience!,3,2026-03-18
Owner_27,Surname_27,user27@mail.com,"Street 77, Apt 38",364.19,Comfortable place,False,http://img.com/77.jpg,Interior view,2026-06-03,2026-06-05,Confirmed,390.69502978464897,Great experience!,5,2026-03-18
Owner_28,Surname_28,user28@mail.com,"Street 78, Apt 92",364.01,Comfortable place,False,http://img.com/78.jpg,Interior view,2026-06-04,2026-06-06,Confirmed,188.2280331442476,Great experience!,2,2026-03-18
Owner_29,Surname_29,user29@mail.com,"Street 79, Apt 58",188.36,Comfortable place,False,http://img.com/79.jpg,Interior view,2026-06-05,2026-06-07,Confirmed,132.5333116412709,Great experience!,1,2026-03-18
Owner_30,Surname_30,user30@mail.com,"Street 80, Apt 33",496.23,Comfortable place,False,http://img.com/80.jpg,Interior view,2026-06-06,2026-06-08,Confirmed,540.2518801639823,Great experience!,5,2026-03-18
Owner_31,Surname_31,user31@mail.com,"Street 81, Apt 72",308.79,Comfortable place,False,http://img.com/81.jpg,Interior view,2026-06-07,2026-06-09,Confirmed,266.8771971848213,Great experience!,4,2026-03-18
Owner_32,Surname_32,user32@mail.com,"Street 82, Apt 8",485.79,Comfortable place,False,http://img.com/82.jpg,Interior view,2026-06-08,2026-06-10,Confirmed,143.9316101285724,Great experience!,1,2026-03-18
Owner_33,Surname_33,user33@mail.com,"Street 83, Apt 93",231.09,Comfortable place,False,http://img.com/83.jpg,Interior view,2026-06-09,2026-06-11,Confirmed,558.1998154370779,Great experience!,4,2026-03-18
Owner_34,Surname_34,user34@mail.com,"Street 84, Apt 11",253.7,Comfortable place,True,http://img.com/84.jpg,Interior view,2026-06-10,2026-06-12,Confirmed,155.73717940915668,Great experience!,5,2026-03-18
Owner_35,Surname_35,user35@mail.com,"Street 85, Apt 40",174.05,Comfortable place,False,http://img.com/85.jpg,Interior view,2026-06-11,2026-06-13,Confirmed,489.96403727052797,Great experience!,2,2026-03-18
Owner_36,Surname_36,user36@mail.com,"Street 86, Apt 75",383.91,Comfortable place,False,http://img.com/86.jpg,Interior view,2026-06-12,2026-06-14,Confirmed,533.2905184653409,Great experience!,3,2026-03-18
Owner_37,Surname_37,user37@mail.com,"Street 87, Apt 25",489.55,Comfortable place,True,http://img.com/87.jpg,Interior view,2026-06-13,2026-06-15,Confirmed,579.1921452316449,Great experience!,2,2026-03-18
Owner_38,Surname_38,user38@mail.com,"Street 88, Apt 59",474.29,Comfortable place,True,http://img.com/88.jpg,Interior view,2026-06-14,2026-06-16,Confirmed,122.10839812505708,Great experience!,5,2026-03-18
Owner_39,Surname_39,user39@mail.com,"Street 89, Apt 28",494.98,Comfortable place,False,http://img.com/89.jpg,Interior view,2026-06-15,2026-06-17,Confirmed,609.3671074435605,Great experience!,2,2026-03-18
Owner_40,Surname_40,user40@mail.com,"Street 90, Apt 86",259.4,Comfortable place,False,http://img.com/90.jpg,Interior view,2026-06-16,2026-06-18,Confirmed,549.522987002382,Great experience!,2,2026-03-18
Owner_41,Surname_41,user41@mail.com,"Street 91, Apt 11",229.69,Comfortable place,False,http://img.com/91.jpg,Interior view,2026-06-17,2026-06-19,Confirmed,101.3728801308405,Great experience!,3,2026-03-18
Owner_42,Surname_42,user42@mail.com,"Street 92, Apt 16",461.99,Comfortable place,False,http://img.com/92.jpg,Interior view,2026-06-18,2026-06-20,Confirmed,165.07026667802688,Great experience!,1,2026-03-18
Owner_43,Surname_43,user43@mail.com,"Street 93, Apt 83",92.61,Comfortable place,False,http://img.com/93.jpg,Interior view,2026-06-19,2026-06-21,Confirmed,626.5478532890482,Great experience!,3,2026-03-18
Owner_44,Surname_44,user44@mail.com,"Street 94, Apt 26",376.06,Comfortable place,True,http://img.com/94.jpg,Interior view,2026-06-20,2026-06-22,Confirmed,222.1630212391476,Great experience!,5,2026-03-18
Owner_45,Surname_45,user45@mail.com,"Street 95, Apt 42",55.96,Comfortable place,True,http://img.com/95.jpg,Interior view,2026-06-21,2026-06-23,Confirmed,917.4289163419601,Great experience!,1,2026-03-18
Owner_46,Surname_46,user46@mail.com,"Street 96, Apt 89",182.41,Comfortable place,True,http://img.com/96.jpg,Interior view,2026-06-22,2026-06-24,Confirmed,376.3774104170438,Great experience!,3,2026-03-18
Owner_47,Surname_47,user47@mail.com,"Street 97, Apt 33",131.79,Comfortable place,True,http://img.com/97.jpg,Interior view,2026-06-23,2026-06-25,Confirmed,473.9722882588585,Great experience!,4,2026-03-18
Owner_48,Surname_48,user48@mail.com,"Street 98, Apt 64",408.25,Comfortable place,False,http://img.com/98.jpg,Interior view,2026-06-24,2026-06-26,Confirmed,482.9402535217904,Great experience!,3,2026-03-18
Owner_49,Surname_49,user49@mail.com,"Street 99, Apt 63",480.12,Comfortable place,True,http://img.com/99.jpg,Interior view,2026-06-25,2026-06-27,Confirmed,226.15205223608936,Great experience!,3,2026-03-18
Owner_0,Surname_0,user0@mail.com,"Street 100, Apt 39",139.14,Comfortable place,False,http://img.com/100.jpg,Interior view,2026-06-26,2026-06-28,Confirmed,919.4955278233441,Great experience!,1,2026-03-18
Owner_1,Surname_1,user1@mail.com,"Street 101, Apt 84",212.11,Comfortable place,False,http://img.com/101.jpg,Interior view,2026-06-27,2026-06-29,Confirmed,895.4111360172354,Great experience!,3,2026-03-18
Owner_2,Surname_2,user2@mail.com,"Street 102, Apt 63",188.67,Comfortable place,False,http://img.com/102.jpg,Interior view,2026-06-28,2026-06-30,Confirmed,797.3472673848999,Great experience!,4,2026-03-18
Owner_3,Surname_3,user3@mail.com,"Street 103, Apt 24",262.74,Comfortable place,True,http://img.com/103.jpg,Interior view,2026-06-29,2026-07-01,Confirmed,132.22385831555601,Great experience!,4,2026-03-18
Owner_4,Surname_4,user4@mail.com,"Street 104, Apt 18",58.76,Comfortable place,False,http://img.com/104.jpg,Interior view,2026-06-30,2026-07-02,Confirmed,709.2864766121886,Great experience!,3,2026-03-18
Owner_5,Surname_5,user5@mail.com,"Street 105, Apt 90",367.96,Comfortable place,True,http://img.com/105.jpg,Interior view,2026-07-01,2026-07-03,Confirmed,219.1175520462288,Great experience!,2,2026-03-18
Owner_6,Surname_6,user6@mail.com,"Street 106, Apt 2",162.59,Comfortable place,False,http://img.com/106.jpg,Interior view,2026-07-02,2026-07-04,Confirmed,463.16786733807805,Great experience!,2,2026-03-18
Owner_7,Surname_7,user7@mail.com,"Street 107, Apt 65",350.75,Comfortable place,True,http://img.com/107.jpg,Interior view,2026-07-03,2026-07-05,Confirmed,443.02607877763097,Great experience!,5,2026-03-18
Owner_8,Surname_8,user8@mail.com,"Street 108, Apt 75",174.13,Comfortable place,False,http://img.com/108.jpg,Interior view,2026-07-04,2026-07-06,Confirmed,875.2330389790104,Great experience!,4,2026-03-18
Owner_9,Surname_9,user9@mail.com,"Street 109, Apt 8",253.21,Comfortable place,True,http://img.com/109.jpg,Interior view,2026-07-05,2026-07-07,Confirmed,726.6581482064447,Great experience!,2,2026-03-18
Owner_10,Surname_10,user10@mail.com,"Street 110, Apt 45",281.05,Comfortable place,False,http://img.com/110.jpg,Interior view,2026-07-06,2026-07-08,Confirmed,948.6197119158521,Great experience!,5,2026-03-18
Owner_11,Surname_11,user11@mail.com,"Street 111, Apt 94",492.48,Comfortable place,True,http://img.com/111.jpg,Interior view,2026-07-07,2026-07-09,Confirmed,662.7758201587197,Great experience!,4,2026-03-18
Owner_12,Surname_12,user12@mail.com,"Street 112, Apt 17",249.83,Comfortable place,True,http://img.com/112.jpg,Interior view,2026-07-08,2026-07-10,Confirmed,139.21984013655526,Great experience!,5,2026-03-18
Owner_13,Surname_13,user13@mail.com,"Street 113, Apt 60",118.38,Comfortable place,True,http://img.com/113.jpg,Interior view,2026-07-09,2026-07-11,Confirmed,438.07392899467544,Great experience!,2,2026-03-18
Owner_14,Surname_14,user14@mail.com,"Street 114, Apt 69",145.65,Comfortable place,False,http://img.com/114.jpg,Interior view,2026-07-10,2026-07-12,Confirmed,123.31808777359137,Great experience!,2,2026-03-18
Owner_15,Surname_15,user15@mail.com,"Street 115, Apt 46",51.12,Comfortable place,False,http://img.com/115.jpg,Interior view,2026-07-11,2026-07-13,Confirmed,406.98725719512794,Great experience!,3,2026-03-18
Owner_16,Surname_16,user16@mail.com,"Street 116, Apt 75",266.8,Comfortable place,True,http://img.com/116.jpg,Interior view,2026-07-12,2026-07-14,Confirmed,993.6841201528534,Great experience!,1,2026-03-18
Owner_17,Surname_17,user17@mail.com,"Street 117, Apt 71",279.63,Comfortable place,False,http://img.com/117.jpg,Interior view,2026-07-13,2026-07-15,Confirmed,243.44312765615962,Great experience!,3,2026-03-18
Owner_18,Surname_18,user18@mail.com,"Street 118, Apt 98",415.7,Comfortable place,True,http://img.com/118.jpg,Interior view,2026-07-14,2026-07-16,Confirmed,905.6159835984922,Great experience!,5,2026-03-18
Owner_19,Surname_19,user19@mail.com,"Street 119, Apt 82",59.49,Comfortable place,True,http://img.com/119.jpg,Interior view,2026-07-15,2026-07-17,Confirmed,614.7822618167852,Great experience!,4,2026-03-18
Owner_20,Surname_20,user20@mail.com,"Street 120, Apt 58",440.4,Comfortable place,True,http://img.com/120.jpg,Interior view,2026-07-16,2026-07-18,Confirmed,648.7038002000501,Great experience!,3,2026-03-18
Owner_21,Surname_21,user21@mail.com,"Street 121, Apt 45",200.88,Comfortable place,True,http://img.com/121.jpg,Interior view,2026-07-17,2026-07-19,Confirmed,293.9139939668049,Great experience!,1,2026-03-18
Owner_22,Surname_22,user22@mail.com,"Street 122, Apt 41",227.9,Comfortable place,True,http://img.com/122.jpg,Interior view,2026-07-18,2026-07-20,Confirmed,932.5507045617758,Great experience!,4,2026-03-18
Owner_23,Surname_23,user23@mail.com,"Street 123, Apt 55",316.64,Comfortable place,False,http://img.com/123.jpg,Interior view,2026-07-19,2026-07-21,Confirmed,455.028213617491,Great experience!,4,2026-03-18
Owner_24,Surname_24,user24@mail.com,"Street 124, Apt 51",480.69,Comfortable place,False,http://img.com/124.jpg,Interior view,2026-07-20,2026-07-22,Confirmed,554.814343243649,Great experience!,5,2026-03-18
Owner_25,Surname_25,user25@mail.com,"Street 125, Apt 16",161.76,Comfortable place,True,http://img.com/125.jpg,Interior view,2026-07-21,2026-07-23,Confirmed,265.99553956783376,Great experience!,4,2026-03-18
Owner_26,Surname_26,user26@mail.com,"Street 126, Apt 62",55.97,Comfortable place,True,http://img.com/126.jpg,Interior view,2026-07-22,2026-07-24,Confirmed,734.432513819703,Great experience!,1,2026-03-18
Owner_27,Surname_27,user27@mail.com,"Street 127, Apt 63",288.83,Comfortable place,True,http://img.com/127.jpg,Interior view,2026-07-23,2026-07-25,Confirmed,683.9944065202793,Great experience!,5,2026-03-18
Owner_28,Surname_28,user28@mail.com,"Street 128, Apt 90",247.68,Comfortable place,True,http://img.com/128.jpg,Interior view,2026-07-24,2026-07-26,Confirmed,157.57287070298187,Great experience!,5,2026-03-18
Owner_29,Surname_29,user29@mail.com,"Street 129, Apt 4",412.29,Comfortable place,False,http://img.com/129.jpg,Interior view,2026-07-25,2026-07-27,Confirmed,736.2622923192863,Great experience!,2,2026-03-18
Owner_30,Surname_30,user30@mail.com,"Street 130, Apt 7",252.61,Comfortable place,True,http://img.com/130.jpg,Interior view,2026-07-26,2026-07-28,Confirmed,130.68004380702337,Great experience!,4,2026-03-18
Owner_31,Surname_31,user31@mail.com,"Street 131, Apt 41",148.57,Comfortable place,False,http://img.com/131.jpg,Interior view,2026-07-27,2026-07-29,Confirmed,307.5824402049594,Great experience!,1,2026-03-18
Owner_32,Surname_32,user32@mail.com,"Street 132, Apt 71",128.91,Comfortable place,False,http://img.com/132.jpg,Interior view,2026-07-28,2026-07-30,Confirmed,695.6688323439341,Great experience!,2,2026-03-18
Owner_33,Surname_33,user33@mail.com,"Street 133, Apt 38",198.72,Comfortable place,True,http://img.com/133.jpg,Interior view,2026-07-29,2026-07-31,Confirmed,389.2780684121565,Great experience!,3,2026-03-18
Owner_34,Surname_34,user34@mail.com,"Street 134, Apt 94",374.72,Comfortable place,False,http://img.com/134.jpg,Interior view,2026-07-30,2026-08-01,Confirmed,352.3931841929239,Great experience!,1,2026-03-18
Owner_35,Surname_35,user35@mail.com,"Street 135, Apt 93",285.66,Comfortable place,False,http://img.com/135.jpg,Interior view,2026-07-31,2026-08-02,Confirmed,570.9891086720534,Great experience!,4,2026-03-18
Owner_36,Surname_36,user36@mail.com,"Street 136, Apt 3",356.7,Comfortable place,False,http://img.com/136.jpg,Interior view,2026-08-01,2026-08-03,Confirmed,933.8890599457109,Great experience!,3,2026-03-18
Owner_37,Surname_37,user37@mail.com,"Street 137, Apt 80",344.05,Comfortable place,True,http://img.com/137.jpg,Interior view,2026-08-02,2026-08-04,Confirmed,840.1800265098832,Great experience!,2,2026-03-18
Owner_38,Surname_38,user38@mail.com,"Street 138, Apt 7",483.69,Comfortable place,True,http://img.com/138.jpg,Interior view,2026-08-03,2026-08-05,Confirmed,759.9416230114931,Great experience!,2,2026-03-18
Owner_39,Surname_39,user39@mail.com,"Street 139, Apt 17",59.42,Comfortable place,False,http://img.com/139.jpg,Interior view,2026-08-04,2026-08-06,Confirmed,194.16592606512287,Great experience!,3,2026-03-18
Owner_40,Surname_40,user40@mail.com,"Street 140, Apt 45",209.81,Comfortable place,True,http://img.com/140.jpg,Interior view,2026-08-05,2026-08-07,Confirmed,592.0460422432075,Great experience!,2,2026-03-18
Owner_41,Surname_41,user41@mail.com,"Street 141, Apt 29",194.4,Comfortable place,False,http://img.com/141.jpg,Interior view,2026-08-06,2026-08-08,Confirmed,318.8560392407369,Great experience!,2,2026-03-18
Owner_42,Surname_42,user42@mail.com,"Street 142, Apt 4",67.94,Comfortable place,False,http://img.com/142.jpg,Interior view,2026-08-07,2026-08-09,Confirmed,561.4966340344463,Great experience!,2,2026-03-18
Owner_43,Surname_43,user43@mail.com,"Street 143, Apt 86",118.75,Comfortable place,False,http://img.com/143.jpg,Interior view,2026-08-08,2026-08-10,Confirmed,101.9051563691704,Great experience!,2,2026-03-18
Owner_44,Surname_44,user44@mail.com,"Street 144, Apt 49",465.07,Comfortable place,False,http://img.com/144.jpg,Interior view,2026-08-09,2026-08-11,Confirmed,301.4561296998879,Great experience!,2,2026-03-18
Owner_45,Surname_45,user45@mail.com,"Street 145, Apt 4",323.04,Comfortable place,True,http://img.com/145.jpg,Interior view,2026-08-10,2026-08-12,Confirmed,927.9885363966641,Great experience!,1,2026-03-18
Owner_46,Surname_46,user46@mail.com,"Street 146, Apt 33",369.26,Comfortable place,True,http://img.com/146.jpg,Interior view,2026-08-11,2026-08-13,Confirmed,608.678127310771,Great experience!,5,2026-03-18
Owner_47,Surname_47,user47@mail.com,"Street 147, Apt 46",65.17,Comfortable place,False,http://img.com/147.jpg,Interior view,2026-08-12,2026-08-14,Confirmed,694.8566804002254,Great experience!,2,2026-03-18
Owner_48,Surname_48,user48@mail.com,"Street 148, Apt 54",73.52,Comfortable place,False,http://img.com/148.jpg,Interior view,2026-08-13,2026-08-15,Confirmed,454.55194926381597,Great experience!,2,2026-03-18
Owner_49,Surname_49,user49@mail.com,"Street 149, Apt 52",380.39,Comfortable place,False,http://img.com/149.jpg,Interior view,2026-08-14,2026-08-16,Confirmed,427.1964283546215,Great experience!,1,2026-03-18
Owner_0,Surname_0,user0@mail.com,"Street 150, Apt 28",152.2,Comfortable place,True,http://img.com/150.jpg,Interior view,2026-08-15,2026-08-17,Confirmed,786.5958325867746,Great experience!,1,2026-03-18
Owner_1,Surname_1,user1@mail.com,"Street 151, Apt 44",228.61,Comfortable place,True,http://img.com/151.jpg,Interior view,2026-08-16,2026-08-18,Confirmed,335.8164525327122,Great experience!,3,2026-03-18
Owner_2,Surname_2,user2@mail.com,"Street 152, Apt 28",328.69,Comfortable place,False,http://img.com/152.jpg,Interior view,2026-08-17,2026-08-19,Confirmed,708.6723773288231,Great experience!,3,2026-03-18
Owner_3,Surname_3,user3@mail.com,"Street 153, Apt 71",407.6,Comfortable place,True,http://img.com/153.jpg,Interior view,2026-08-18,2026-08-20,Confirmed,639.9600534898041,Great experience!,2,2026-03-18
Owner_4,Surname_4,user4@mail.com,"Street 154, Apt 78",337.57,Comfortable place,True,http://img.com/154.jpg,Interior view,2026-08-19,2026-08-21,Confirmed,169.5314075891574,Great experience!,3,2026-03-18
Owner_5,Surname_5,user5@mail.com,"Street 155, Apt 77",288.9,Comfortable place,True,http://img.com/155.jpg,Interior view,2026-08-20,2026-08-22,Confirmed,837.5536925668173,Great experience!,5,2026-03-18
Owner_6,Surname_6,user6@mail.com,"Street 156, Apt 42",233.07,Comfortable place,True,http://img.com/156.jpg,Interior view,2026-08-21,2026-08-23,Confirmed,970.7235089717535,Great experience!,5,2026-03-18
Owner_7,Surname_7,user7@mail.com,"Street 157, Apt 96",248.4,Comfortable place,True,http://img.com/157.jpg,Interior view,2026-08-22,2026-08-24,Confirmed,802.3640274984901,Great experience!,2,2026-03-18
Owner_8,Surname_8,user8@mail.com,"Street 158, Apt 62",347.4,Comfortable place,False,http://img.com/158.jpg,Interior view,2026-08-23,2026-08-25,Confirmed,155.80659755630853,Great experience!,4,2026-03-18
Owner_9,Surname_9,user9@mail.com,"Street 159, Apt 56",316.71,Comfortable place,False,http://img.com/159.jpg,Interior view,2026-08-24,2026-08-26,Confirmed,535.8200059177017,Great experience!,4,2026-03-18
Owner_10,Surname_10,user10@mail.com,"Street 160, Apt 62",498.87,Comfortable place,True,http://img.com/160.jpg,Interior view,2026-08-25,2026-08-27,Confirmed,276.4549805106404,Great experience!,5,2026-03-18
Owner_11,Surname_11,user11@mail.com,"Street 161, Apt 15",362.63,Comfortable place,True,http://img.com/161.jpg,Interior view,2026-08-26,2026-08-28,Confirmed,845.0361967920146,Great experience!,1,2026-03-18
Owner_12,Surname_12,user12@mail.com,"Street 162, Apt 30",128.57,Comfortable place,False,http://img.com/162.jpg,Interior view,2026-08-27,2026-08-29,Confirmed,180.51946342543266,Great experience!,5,2026-03-18
Owner_13,Surname_13,user13@mail.com,"Street 163, Apt 10",183.16,Comfortable place,False,http://img.com/163.jpg,Interior view,2026-08-28,2026-08-30,Confirmed,800.5784374480237,Great experience!,1,2026-03-18
Owner_14,Surname_14,user14@mail.com,"Street 164, Apt 34",363.65,Comfortable place,False,http://img.com/164.jpg,Interior view,2026-08-29,2026-08-31,Confirmed,633.8815627835708,Great experience!,4,2026-03-18
Owner_15,Surname_15,user15@mail.com,"Street 165, Apt 27",224.85,Comfortable place,True,http://img.com/165.jpg,Interior view,2026-08-30,2026-09-01,Confirmed,871.6978962308043,Great experience!,4,2026-03-18
Owner_16,Surname_16,user16@mail.com,"Street 166, Apt 36",461.16,Comfortable place,False,http://img.com/166.jpg,Interior view,2026-08-31,2026-09-02,Confirmed,909.8458206214503,Great experience!,4,2026-03-18
Owner_17,Surname_17,user17@mail.com,"Street 167, Apt 90",190.34,Comfortable place,False,http://img.com/167.jpg,Interior view,2026-09-01,2026-09-03,Confirmed,224.65756301055387,Great experience!,5,2026-03-18
Owner_18,Surname_18,user18@mail.com,"Street 168, Apt 69",442.75,Comfortable place,False,http://img.com/168.jpg,Interior view,2026-09-02,2026-09-04,Confirmed,652.0231300809247,Great experience!,2,2026-03-18
Owner_19,Surname_19,user19@mail.com,"Street 169, Apt 84",296.11,Comfortable place,False,http://img.com/169.jpg,Interior view,2026-09-03,2026-09-05,Confirmed,878.9280026781498,Great experience!,3,2026-03-18
Owner_20,Surname_20,user20@mail.com,"Street 170, Apt 1",393.58,Comfortable place,True,http://img.com/170.jpg,Interior view,2026-09-04,2026-09-06,Confirmed,722.7269952254493,Great experience!,5,2026-03-18
Owner_21,Surname_21,user21@mail.com,"Street 171, Apt 62",325.46,Comfortable place,True,http://img.com/171.jpg,Interior view,2026-09-05,2026-09-07,Confirmed,446.7927336983403,Great experience!,1,2026-03-18
Owner_22,Surname_22,user22@mail.com,"Street 172, Apt 22",425.64,Comfortable place,False,http://img.com/172.jpg,Interior view,2026-09-06,2026-09-08,Confirmed,216.2581779940674,Great experience!,2,2026-03-18
Owner_23,Surname_23,user23@mail.com,"Street 173, Apt 54",230.19,Comfortable place,False,http://img.com/173.jpg,Interior view,2026-09-07,2026-09-09,Confirmed,707.5354745328651,Great experience!,4,2026-03-18
Owner_24,Surname_24,user24@mail.com,"Street 174, Apt 62",211.4,Comfortable place,False,http://img.com/174.jpg,Interior view,2026-09-08,2026-09-10,Confirmed,604.7453118059902,Great experience!,3,2026-03-18
Owner_25,Surname_25,user25@mail.com,"Street 175, Apt 45",453.91,Comfortable place,True,http://img.com/175.jpg,Interior view,2026-09-09,2026-09-11,Confirmed,563.7577454624914,Great experience!,1,2026-03-18
Owner_26,Surname_26,user26@mail.com,"Street 176, Apt 29",138.96,Comfortable place,True,http://img.com/176.jpg,Interior view,2026-09-10,2026-09-12,Confirmed,418.43483538874085,Great experience!,2,2026-03-18
Owner_27,Surname_27,user27@mail.com,"Street 177, Apt 7",478.0,Comfortable place,False,http://img.com/177.jpg,Interior view,2026-09-11,2026-09-13,Confirmed,903.258739599673,Great experience!,5,2026-03-18
Owner_28,Surname_28,user28@mail.com,"Street 178, Apt 54",355.7,Comfortable place,False,http://img.com/178.jpg,Interior view,2026-09-12,2026-09-14,Confirmed,760.4409000770156,Great experience!,5,2026-03-18
Owner_29,Surname_29,user29@mail.com,"Street 179, Apt 44",366.08,Comfortable place,False,http://img.com/179.jpg,Interior view,2026-09-13,2026-09-15,Confirmed,995.2242889371335,Great experience!,5,2026-03-18
Owner_30,Surname_30,user30@mail.com,"Street 180, Apt 35",426.45,Comfortable place,False,http://img.com/180.jpg,Interior view,2026-09-14,2026-09-16,Confirmed,590.9404730875851,Great experience!,1,2026-03-18
Owner_31,Surname_31,user31@mail.com,"Street 181, Apt 20",466.07,Comfortable place,True,http://img.com/181.jpg,Interior view,2026-09-15,2026-09-17,Confirmed,647.1636089816631,Great experience!,1,2026-03-18
Owner_32,Surname_32,user32@mail.com,"Street 182, Apt 93",368.74,Comfortable place,False,http://img.com/182.jpg,Interior view,2026-09-16,2026-09-18,Confirmed,945.4611319037193,Great experience!,1,2026-03-18
Owner_33,Surname_33,user33@mail.com,"Street 183, Apt 40",229.99,Comfortable place,True,http://img.com/183.jpg,Interior view,2026-09-17,2026-09-19,Confirmed,995.6890011904795,Great experience!,5,2026-03-18
Owner_34,Surname_34,user34@mail.com,"Street 184, Apt 65",372.3,Comfortable place,False,http://img.com/184.jpg,Interior view,2026-09-18,2026-09-20,Confirmed,243.28756106230895,Great experience!,3,2026-03-18
Owner_35,Surname_35,user35@mail.com,"Street 185, Apt 90",406.08,Comfortable place,False,http://img.com/185.jpg,Interior view,2026-09-19,2026-09-21,Confirmed,601.0533093328477,Great experience!,1,2026-03-18
Owner_36,Surname_36,user36@mail.com,"Street 186, Apt 57",136.96,Comfortable place,True,http://img.com/186.jpg,Interior view,2026-09-20,2026-09-22,Confirmed,389.91044048565664,Great experience!,5,2026-03-18
Owner_37,Surname_37,user37@mail.com,"Street 187, Apt 46",406.29,Comfortable place,False,http://img.com/187.jpg,Interior view,2026-09-21,2026-09-23,Confirmed,565.0536797871996,Great experience!,3,2026-03-18
Owner_38,Surname_38,user38@mail.com,"Street 188, Apt 78",496.09,Comfortable place,False,http://img.com/188.jpg,Interior view,2026-09-22,2026-09-24,Confirmed,558.6406176528642,Great experience!,2,2026-03-18
Owner_39,Surname_39,user39@mail.com,"Street 189, Apt 77",453.74,Comfortable place,False,http://img.com/189.jpg,Interior view,2026-09-23,2026-09-25,Confirmed,669.7889894512657,Great experience!,2,2026-03-18
Owner_40,Surname_40,user40@mail.com,"Street 190, Apt 10",443.06,Comfortable place,True,http://img.com/190.jpg,Interior view,2026-09-24,2026-09-26,Confirmed,190.21888619024958,Great experience!,3,2026-03-18
Owner_41,Surname_41,user41@mail.com,"Street 191, Apt 80",179.03,Comfortable place,True,http://img.com/191.jpg,Interior view,2026-09-25,2026-09-27,Confirmed,231.77290693226703,Great experience!,4,2026-03-18
Owner_42,Surname_42,user42@mail.com,"Street 192, Apt 9",286.5,Comfortable place,False,http://img.com/192.jpg,Interior view,2026-09-26,2026-09-28,Confirmed,573.9347498744098,Great experience!,5,2026-03-18
Owner_43,Surname_43,user43@mail.com,"Street 193, Apt 60",78.18,Comfortable place,True,http://img.com/193.jpg,Interior view,2026-09-27,2026-09-29,Confirmed,187.25434992803852,Great experience!,2,2026-03-18
Owner_44,Surname_44,user44@mail.com,"Street 194, Apt 58",471.98,Comfortable place,True,http://img.com/194.jpg,Interior view,2026-09-28,2026-09-30,Confirmed,679.1531857869769,Great experience!,2,2026-03-18
Owner_45,Surname_45,user45@mail.com,"Street 195, Apt 71",164.44,Comfortable place,False,http://img.com/195.jpg,Interior view,2026-09-29,2026-10-01,Confirmed,804.5236852681531,Great experience!,1,2026-03-18
Owner_46,Surname_46,user46@mail.com,"Street 196, Apt 68",150.07,Comfortable place,True,http://img.com/196.jpg,Interior view,2026-09-30,2026-10-02,Confirmed,879.5278308388201,Great experience!,4,2026-03-18
Owner_47,Surname_47,user47@mail.com,"Street 197, Apt 87",442.85,Comfortable place,False,http://img.com/197.jpg,Interior view,2026-10-01,2026-10-03,Confirmed,562.3808039226697,Great experience!,4,2026-03-18
Owner_48,Surname_48,user48@mail.com,"Street 198, Apt 58",328.97,Comfortable place,False,http://img.com/198.jpg,Interior view,2026-10-02,2026-10-04,Confirmed,477.7958772572031,Great experience!,4,2026-03-18
Owner_49,Surname_49,user49@mail.com,"Street 199, Apt 64",86.56,Comfortable place,False,http://img.com/199.jpg,Interior view,2026-10-03,2026-10-05,Confirmed,731.928752302703,Great experience!,5,2026-03-18
Owner_0,Surname_0,user0@mail.com,"Street 200, Apt 27",154.93,Comfortable place,True,http://img.com/200.jpg,Interior view,2026-10-04,2026-10-06,Confirmed,755.7706540123141,Great experience!,1,2026-03-18
Owner_1,Surname_1,user1@mail.com,"Street 201, Apt 79",132.17,Comfortable place,True,http://img.com/201.jpg,Interior view,2026-10-05,2026-10-07,Confirmed,903.7416529165952,Great experience!,1,2026-03-18
Owner_2,Surname_2,user2@mail.com,"Street 202, Apt 51",490.72,Comfortable place,True,http://img.com/202.jpg,Interior view,2026-10-06,2026-10-08,Confirmed,863.3912835134978,Great experience!,3,2026-03-18
Owner_3,Surname_3,user3@mail.com,"Street 203, Apt 6",387.14,Comfortable place,False,http://img.com/203.jpg,Interior view,2026-10-07,2026-10-09,Confirmed,539.7363337824597,Great experience!,4,2026-03-18
Owner_4,Surname_4,user4@mail.com,"Street 204, Apt 99",345.65,Comfortable place,True,http://img.com/204.jpg,Interior view,2026-10-08,2026-10-10,Confirmed,585.3091382395917,Great experience!,2,2026-03-18
Owner_5,Surname_5,user5@mail.com,"Street 205, Apt 8",362.64,Comfortable place,False,http://img.com/205.jpg,Interior view,2026-10-09,2026-10-11,Confirmed,268.86364985484045,Great experience!,2,2026-03-18
Owner_6,Surname_6,user6@mail.com,"Street 206, Apt 28",466.16,Comfortable place,True,http://img.com/206.jpg,Interior view,2026-10-10,2026-10-12,Confirmed,301.58345925697165,Great experience!,4,2026-03-18
Owner_7,Surname_7,user7@mail.com,"Street 207, Apt 40",56.32,Comfortable place,False,http://img.com/207.jpg,Interior view,2026-10-11,2026-10-13,Confirmed,396.62052025739496,Great experience!,3,2026-03-18
Owner_8,Surname_8,user8@mail.com,"Street 208, Apt 98",162.96,Comfortable place,False,http://img.com/208.jpg,Interior view,2026-10-12,2026-10-14,Confirmed,684.028164898417,Great experience!,5,2026-03-18
Owner_9,Surname_9,user9@mail.com,"Street 209, Apt 1",213.69,Comfortable place,False,http://img.com/209.jpg,Interior view,2026-10-13,2026-10-15,Confirmed,114.23456901175433,Great experience!,1,2026-03-18
Owner_10,Surname_10,user10@mail.com,"Street 210, Apt 21",92.51,Comfortable place,True,http://img.com/210.jpg,Interior view,2026-10-14,2026-10-16,Confirmed,554.8224571096812,Great experience!,2,2026-03-18
Owner_11,Surname_11,user11@mail.com,"Street 211, Apt 26",304.25,Comfortable place,False,http://img.com/211.jpg,Interior view,2026-10-15,2026-10-17,Confirmed,258.9639474900049,Great experience!,3,2026-03-18
Owner_12,Surname_12,user12@mail.com,"Street 212, Apt 22",97.45,Comfortable place,False,http://img.com/212.jpg,Interior view,2026-10-16,2026-10-18,Confirmed,742.8532833553381,Great experience!,5,2026-03-18
Owner_13,Surname_13,user13@mail.com,"Street 213, Apt 9",126.84,Comfortable place,False,http://img.com/213.jpg,Interior view,2026-10-17,2026-10-19,Confirmed,345.2797290611672,Great experience!,2,2026-03-18
Owner_14,Surname_14,user14@mail.com,"Street 214, Apt 100",419.29,Comfortable place,False,http://img.com/214.jpg,Interior view,2026-10-18,2026-10-20,Confirmed,919.1461582929704,Great experience!,1,2026-03-18
Owner_15,Surname_15,user15@mail.com,"Street 215, Apt 5",324.47,Comfortable place,True,http://img.com/215.jpg,Interior view,2026-10-19,2026-10-21,Confirmed,463.23311627247904,Great experience!,2,2026-03-18
Owner_16,Surname_16,user16@mail.com,"Street 216, Apt 65",320.19,Comfortable place,False,http://img.com/216.jpg,Interior view,2026-10-20,2026-10-22,Confirmed,979.7976086045803,Great experience!,1,2026-03-18
Owner_17,Surname_17,user17@mail.com,"Street 217, Apt 87",141.36,Comfortable place,True,http://img.com/217.jpg,Interior view,2026-10-21,2026-10-23,Confirmed,811.9383658985621,Great experience!,3,2026-03-18
Owner_18,Surname_18,user18@mail.com,"Street 218, Apt 31",158.42,Comfortable place,False,http://img.com/218.jpg,Interior view,2026-10-22,2026-10-24,Confirmed,615.3177035258675,Great experience!,2,2026-03-18
Owner_19,Surname_19,user19@mail.com,"Street 219, Apt 47",369.78,Comfortable place,True,http://img.com/219.jpg,Interior view,2026-10-23,2026-10-25,Confirmed,884.1064763940691,Great experience!,4,2026-03-18
Owner_20,Surname_20,user20@mail.com,"Street 220, Apt 81",205.83,Comfortable place,True,http://img.com/220.jpg,Interior view,2026-10-24,2026-10-26,Confirmed,990.2663427652018,Great experience!,4,2026-03-18
Owner_21,Surname_21,user21@mail.com,"Street 221, Apt 13",271.86,Comfortable place,True,http://img.com/221.jpg,Interior view,2026-10-25,2026-10-27,Confirmed,999.2861737210915,Great experience!,3,2026-03-18
Owner_22,Surname_22,user22@mail.com,"Street 222, Apt 17",470.75,Comfortable place,False,http://img.com/222.jpg,Interior view,2026-10-26,2026-10-28,Confirmed,422.69563462338607,Great experience!,3,2026-03-18
Owner_23,Surname_23,user23@mail.com,"Street 223, Apt 38",187.61,Comfortable place,True,http://img.com/223.jpg,Interior view,2026-10-27,2026-10-29,Confirmed,723.5788052830022,Great experience!,5,2026-03-18
Owner_24,Surname_24,user24@mail.com,"Street 224, Apt 73",103.77,Comfortable place,False,http://img.com/224.jpg,Interior view,2026-10-28,2026-10-30,Confirmed,445.44003262062967,Great experience!,5,2026-03-18
Owner_25,Surname_25,user25@mail.com,"Street 225, Apt 100",414.34,Comfortable place,True,http://img.com/225.jpg,Interior view,2026-10-29,2026-10-31,Confirmed,490.99847113373767,Great experience!,2,2026-03-18
Owner_26,Surname_26,user26@mail.com,"Street 226, Apt 15",381.48,Comfortable place,False,http://img.com/226.jpg,Interior view,2026-10-30,2026-11-01,Confirmed,962.636391847382,Great experience!,4,2026-03-18
Owner_27,Surname_27,user27@mail.com,"Street 227, Apt 29",453.11,Comfortable place,True,http://img.com/227.jpg,Interior view,2026-10-31,2026-11-02,Confirmed,757.8806468398875,Great experience!,3,2026-03-18
Owner_28,Surname_28,user28@mail.com,"Street 228, Apt 15",337.93,Comfortable place,False,http://img.com/228.jpg,Interior view,2026-11-01,2026-11-03,Confirmed,772.7600876795932,Great experience!,2,2026-03-18
Owner_29,Surname_29,user29@mail.com,"Street 229, Apt 85",411.05,Comfortable place,True,http://img.com/229.jpg,Interior view,2026-11-02,2026-11-04,Confirmed,894.1733024036824,Great experience!,4,2026-03-18
Owner_30,Surname_30,user30@mail.com,"Street 230, Apt 43",128.79,Comfortable place,True,http://img.com/230.jpg,Interior view,2026-11-03,2026-11-05,Confirmed,637.6781894351819,Great experience!,3,2026-03-18
Owner_31,Surname_31,user31@mail.com,"Street 231, Apt 9",353.82,Comfortable place,False,http://img.com/231.jpg,Interior view,2026-11-04,2026-11-06,Confirmed,859.4393049134881,Great experience!,2,2026-03-18
Owner_32,Surname_32,user32@mail.com,"Street 232, Apt 33",146.25,Comfortable place,True,http://img.com/232.jpg,Interior view,2026-11-05,2026-11-07,Confirmed,491.1283489350058,Great experience!,4,2026-03-18
Owner_33,Surname_33,user33@mail.com,"Street 233, Apt 60",95.8,Comfortable place,False,http://img.com/233.jpg,Interior view,2026-11-06,2026-11-08,Confirmed,859.8671978985052,Great experience!,5,2026-03-18
Owner_34,Surname_34,user34@mail.com,"Street 234, Apt 99",137.0,Comfortable place,True,http://img.com/234.jpg,Interior view,2026-11-07,2026-11-09,Confirmed,147.82350211005047,Great experience!,2,2026-03-18
Owner_35,Surname_35,user35@mail.com,"Street 235, Apt 16",297.56,Comfortable place,True,http://img.com/235.jpg,Interior view,2026-11-08,2026-11-10,Confirmed,176.5115874816342,Great experience!,3,2026-03-18
Owner_36,Surname_36,user36@mail.com,"Street 236, Apt 22",397.64,Comfortable place,False,http://img.com/236.jpg,Interior view,2026-11-09,2026-11-11,Confirmed,109.29852315613587,Great experience!,2,2026-03-18
Owner_37,Surname_37,user37@mail.com,"Street 237, Apt 63",403.93,Comfortable place,False,http://img.com/237.jpg,Interior view,2026-11-10,2026-11-12,Confirmed,267.86158425572467,Great experience!,3,2026-03-18
Owner_38,Surname_38,user38@mail.com,"Street 238, Apt 66",244.28,Comfortable place,True,http://img.com/238.jpg,Interior view,2026-11-11,2026-11-13,Confirmed,993.1159222244777,Great experience!,2,2026-03-18
Owner_39,Surname_39,user39@mail.com,"Street 239, Apt 70",379.43,Comfortable place,True,http://img.com/239.jpg,Interior view,2026-11-12,2026-11-14,Confirmed,726.3233310789846,Great experience!,2,2026-03-18
Owner_40,Surname_40,user40@mail.com,"Street 240, Apt 61",435.99,Comfortable place,False,http://img.com/240.jpg,Interior view,2026-11-13,2026-11-15,Confirmed,727.7070939475883,Great experience!,1,2026-03-18
Owner_41,Surname_41,user41@mail.com,"Street 241, Apt 88",270.21,Comfortable place,True,http://img.com/241.jpg,Interior view,2026-11-14,2026-11-16,Confirmed,955.2603348948304,Great experience!,2,2026-03-18
Owner_42,Surname_42,user42@mail.com,"Street 242, Apt 33",82.18,Comfortable place,True,http://img.com/242.jpg,Interior view,2026-11-15,2026-11-17,Confirmed,418.9901017695875,Great experience!,1,2026-03-18
Owner_43,Surname_43,user43@mail.com,"Street 243, Apt 55",56.69,Comfortable place,False,http://img.com/243.jpg,Interior view,2026-11-16,2026-11-18,Confirmed,380.70802494995854,Great experience!,4,2026-03-18
Owner_44,Surname_44,user44@mail.com,"Street 244, Apt 87",227.23,Comfortable place,True,http://img.com/244.jpg,Interior view,2026-11-17,2026-11-19,Confirmed,435.0515121958297,Great experience!,5,2026-03-18
Owner_45,Surname_45,user45@mail.com,"Street 245, Apt 57",459.85,Comfortable place,False,http://img.com/245.jpg,Interior view,2026-11-18,2026-11-20,Confirmed,485.2140258296541,Great experience!,2,2026-03-18
Owner_46,Surname_46,user46@mail.com,"Street 246, Apt 25",124.2,Comfortable place,False,http://img.com/246.jpg,Interior view,2026-11-19,2026-11-21,Confirmed,285.2214235324539,Great experience!,1,2026-03-18
Owner_47,Surname_47,user47@mail.com,"Street 247, Apt 36",184.48,Comfortable place,False,http://img.com/247.jpg,Interior view,2026-11-20,2026-11-22,Confirmed,395.6057579576362,Great experience!,1,2026-03-18
Owner_48,Surname_48,user48@mail.com,"Street 248, Apt 98",409.61,Comfortable place,False,http://img.com/248.jpg,Interior view,2026-11-21,2026-11-23,Confirmed,405.66652476261834,Great experience!,5,2026-03-18
Owner_49,Surname_49,user49@mail.com,"Street 249, Apt 70",448.57,Comfortable place,True,http://img.com/249.jpg,Interior view,2026-11-22,2026-11-24,Confirmed,484.166050385323,Great experience!,2,2026-03-18
Owner_0,Surname_0,user0@mail.com,"Street 250, Apt 29",337.84,Comfortable place,False,http://img.com/250.jpg,Interior view,2026-11-23,2026-11-25,Confirmed,722.1702039488271,Great experience!,2,2026-03-18
Owner_1,Surname_1,user1@mail.com,"Street 251, Apt 31",71.89,Comfortable place,True,http://img.com/251.jpg,Interior view,2026-11-24,2026-11-26,Confirmed,775.3990833746418,Great experience!,1,2026-03-18
Owner_2,Surname_2,user2@mail.com,"Street 252, Apt 21",163.41,Comfortable place,True,http://img.com/252.jpg,Interior view,2026-11-25,2026-11-27,Confirmed,724.1854377797819,Great experience!,3,2026-03-18
Owner_3,Surname_3,user3@mail.com,"Street 253, Apt 59",107.07,Comfortable place,False,http://img.com/253.jpg,Interior view,2026-11-26,2026-11-28,Confirmed,527.3810862125158,Great experience!,3,2026-03-18
Owner_4,Surname_4,user4@mail.com,"Street 254, Apt 57",437.36,Comfortable place,False,http://img.com/254.jpg,Interior view,2026-11-27,2026-11-29,Confirmed,650.861777866221,Great experience!,4,2026-03-18
Owner_5,Surname_5,user5@mail.com,"Street 255, Apt 27",474.49,Comfortable place,False,http://img.com/255.jpg,Interior view,2026-11-28,2026-11-30,Confirmed,333.9474246888027,Great experience!,5,2026-03-18
Owner_6,Surname_6,user6@mail.com,"Street 256, Apt 66",481.01,Comfortable place,True,http://img.com/256.jpg,Interior view,2026-11-29,2026-12-01,Confirmed,140.3176654510369,Great experience!,2,2026-03-18
Owner_7,Surname_7,user7@mail.com,"Street 257, Apt 75",134.83,Comfortable place,False,http://img.com/257.jpg,Interior view,2026-11-30,2026-12-02,Confirmed,985.3124936208161,Great experience!,5,2026-03-18
Owner_8,Surname_8,user8@mail.com,"Street 258, Apt 76",128.48,Comfortable place,False,http://img.com/258.jpg,Interior view,2026-12-01,2026-12-03,Confirmed,736.2170509971709,Great experience!,4,2026-03-18
Owner_9,Surname_9,user9@mail.com,"Street 259, Apt 43",83.41,Comfortable place,False,http://img.com/259.jpg,Interior view,2026-12-02,2026-12-04,Confirmed,336.98503633944597,Great experience!,5,2026-03-18
Owner_10,Surname_10,user10@mail.com,"Street 260, Apt 93",475.64,Comfortable place,True,http://img.com/260.jpg,Interior view,2026-12-03,2026-12-05,Confirmed,639.2708749725851,Great experience!,2,2026-03-18
Owner_11,Surname_11,user11@mail.com,"Street 261, Apt 63",308.51,Comfortable place,False,http://img.com/261.jpg,Interior view,2026-12-04,2026-12-06,Confirmed,584.1308374434117,Great experience!,1,2026-03-18
Owner_12,Surname_12,user12@mail.com,"Street 262, Apt 61",470.41,Comfortable place,False,http://img.com/262.jpg,Interior view,2026-12-05,2026-12-07,Confirmed,742.1777973870456,Great experience!,4,2026-03-18
Owner_13,Surname_13,user13@mail.com,"Street 263, Apt 25",445.68,Comfortable place,True,http://img.com/263.jpg,Interior view,2026-12-06,2026-12-08,Confirmed,296.00367103246157,Great experience!,4,2026-03-18
Owner_14,Surname_14,user14@mail.com,"Street 264, Apt 37",350.17,Comfortable place,True,http://img.com/264.jpg,Interior view,2026-12-07,2026-12-09,Confirmed,732.10219276887,Great experience!,5,2026-03-18
Owner_15,Surname_15,user15@mail.com,"Street 265, Apt 27",100.9,Comfortable place,False,http://img.com/265.jpg,Interior view,2026-12-08,2026-12-10,Confirmed,790.2387053177981,Great experience!,2,2026-03-18
Owner_16,Surname_16,user16@mail.com,"Street 266, Apt 60",348.57,Comfortable place,True,http://img.com/266.jpg,Interior view,2026-12-09,2026-12-11,Confirmed,672.9093890262006,Great experience!,2,2026-03-18
Owner_17,Surname_17,user17@mail.com,"Street 267, Apt 28",258.63,Comfortable place,False,http://img.com/267.jpg,Interior view,2026-12-10,2026-12-12,Confirmed,454.9941173080952,Great experience!,1,2026-03-18
Owner_18,Surname_18,user18@mail.com,"Street 268, Apt 74",451.3,Comfortable place,True,http://img.com/268.jpg,Interior view,2026-12-11,2026-12-13,Confirmed,782.0218244620232,Great experience!,3,2026-03-18
Owner_19,Surname_19,user19@mail.com,"Street 269, Apt 69",450.37,Comfortable place,False,http://img.com/269.jpg,Interior view,2026-12-12,2026-12-14,Confirmed,368.33171862868454,Great experience!,3,2026-03-18
Owner_20,Surname_20,user20@mail.com,"Street 270, Apt 86",457.97,Comfortable place,False,http://img.com/270.jpg,Interior view,2026-12-13,2026-12-15,Confirmed,229.90579268446757,Great experience!,3,2026-03-18
Owner_21,Surname_21,user21@mail.com,"Street 271, Apt 65",155.67,Comfortable place,False,http://img.com/271.jpg,Interior view,2026-12-14,2026-12-16,Confirmed,921.8425533785189,Great experience!,5,2026-03-18
Owner_22,Surname_22,user22@mail.com,"Street 272, Apt 99",144.39,Comfortable place,True,http://img.com/272.jpg,Interior view,2026-12-15,2026-12-17,Confirmed,705.2035663585402,Great experience!,2,2026-03-18
Owner_23,Surname_23,user23@mail.com,"Street 273, Apt 74",357.33,Comfortable place,True,http://img.com/273.jpg,Interior view,2026-12-16,2026-12-18,Confirmed,592.0807745750803,Great experience!,2,2026-03-18
Owner_24,Surname_24,user24@mail.com,"Street 274, Apt 14",458.74,Comfortable place,True,http://img.com/274.jpg,Interior view,2026-12-17,2026-12-19,Confirmed,135.391447160724,Great experience!,5,2026-03-18
Owner_25,Surname_25,user25@mail.com,"Street 275, Apt 88",155.12,Comfortable place,True,http://img.com/275.jpg,Interior view,2026-12-18,2026-12-20,Confirmed,301.4235631140553,Great experience!,3,2026-03-18
Owner_26,Surname_26,user26@mail.com,"Street 276, Apt 43",381.6,Comfortable place,False,http://img.com/276.jpg,Interior view,2026-12-19,2026-12-21,Confirmed,148.47381834353425,Great experience!,4,2026-03-18
Owner_27,Surname_27,user27@mail.com,"Street 277, Apt 26",369.7,Comfortable place,True,http://img.com/277.jpg,Interior view,2026-12-20,2026-12-22,Confirmed,625.7622116339494,Great experience!,1,2026-03-18
Owner_28,Surname_28,user28@mail.com,"Street 278, Apt 68",410.57,Comfortable place,False,http://img.com/278.jpg,Interior view,2026-12-21,2026-12-23,Confirmed,621.9460746285762,Great experience!,5,2026-03-18
Owner_29,Surname_29,user29@mail.com,"Street 279, Apt 78",446.25,Comfortable place,True,http://img.com/279.jpg,Interior view,2026-12-22,2026-12-24,Confirmed,822.6825439493335,Great experience!,4,2026-03-18
Owner_30,Surname_30,user30@mail.com,"Street 280, Apt 51",465.99,Comfortable place,False,http://img.com/280.jpg,Interior view,2026-12-23,2026-12-25,Confirmed,707.7818750037142,Great experience!,5,2026-03-18
Owner_31,Surname_31,user31@mail.com,"Street 281, Apt 23",268.0,Comfortable place,False,http://img.com/281.jpg,Interior view,2026-12-24,2026-12-26,Confirmed,171.829746854733,Great experience!,1,2026-03-18
Owner_32,Surname_32,user32@mail.com,"Street 282, Apt 46",243.54,Comfortable place,True,http://img.com/282.jpg,Interior view,2026-12-25,2026-12-27,Confirmed,528.8906594857278,Great experience!,3,2026-03-18
Owner_33,Surname_33,user33@mail.com,"Street 283, Apt 67",384.37,Comfortable place,False,http://img.com/283.jpg,Interior view,2026-12-26,2026-12-28,Confirmed,740.069555070158,Great experience!,4,2026-03-18
Owner_34,Surname_34,user34@mail.com,"Street 284, Apt 26",194.23,Comfortable place,False,http://img.com/284.jpg,Interior view,2026-12-27,2026-12-29,Confirmed,284.2050516509932,Great experience!,3,2026-03-18
Owner_35,Surname_35,user35@mail.com,"Street 285, Apt 83",343.15,Comfortable place,False,http://img.com/285.jpg,Interior view,2026-12-28,2026-12-30,Confirmed,543.0220604684152,Great experience!,1,2026-03-18
Owner_36,Surname_36,user36@mail.com,"Street 286, Apt 72",484.44,Comfortable place,True,http://img.com/286.jpg,Interior view,2026-12-29,2026-12-31,Confirmed,357.4948442765787,Great experience!,5,2026-03-18
Owner_37,Surname_37,user37@mail.com,"Street 287, Apt 27",443.49,Comfortable place,True,http://img.com/287.jpg,Interior view,2026-12-30,2027-01-01,Confirmed,490.1413997151744,Great experience!,5,2026-03-18
Owner_38,Surname_38,user38@mail.com,"Street 288, Apt 3",196.84,Comfortable place,False,http://img.com/288.jpg,Interior view,2026-12-31,2027-01-02,Confirmed,381.50062558872077,Great experience!,3,2026-03-18
Owner_39,Surname_39,user39@mail.com,"Street 289, Apt 65",457.56,Comfortable place,False,http://img.com/289.jpg,Interior view,2027-01-01,2027-01-03,Confirmed,589.956860175248,Great experience!,4,2026-03-18
Owner_40,Surname_40,user40@mail.com,"Street 290, Apt 62",219.35,Comfortable place,True,http://img.com/290.jpg,Interior view,2027-01-02,2027-01-04,Confirmed,227.4929253590139,Great experience!,3,2026-03-18
Owner_41,Surname_41,user41@mail.com,"Street 291, Apt 81",210.23,Comfortable place,True,http://img.com/291.jpg,Interior view,2027-01-03,2027-01-05,Confirmed,379.481056654313,Great experience!,4,2026-03-18
Owner_42,Surname_42,user42@mail.com,"Street 292, Apt 57",52.04,Comfortable place,False,http://img.com/292.jpg,Interior view,2027-01-04,2027-01-06,Confirmed,891.8252161792764,Great experience!,1,2026-03-18
Owner_43,Surname_43,user43@mail.com,"Street 293, Apt 1",314.19,Comfortable place,False,http://img.com/293.jpg,Interior view,2027-01-05,2027-01-07,Confirmed,229.15197586079745,Great experience!,4,2026-03-18
Owner_44,Surname_44,user44@mail.com,"Street 294, Apt 43",89.82,Comfortable place,True,http://img.com/294.jpg,Interior view,2027-01-06,2027-01-08,Confirmed,688.2603144679192,Great experience!,1,2026-03-18
Owner_45,Surname_45,user45@mail.com,"Street 295, Apt 36",390.76,Comfortable place,False,http://img.com/295.jpg,Interior view,2027-01-07,2027-01-09,Confirmed,230.78673630152744,Great experience!,1,2026-03-18
Owner_46,Surname_46,user46@mail.com,"Street 296, Apt 73",496.66,Comfortable place,True,http://img.com/296.jpg,Interior view,2027-01-08,2027-01-10,Confirmed,306.79227434425525,Great experience!,1,2026-03-18
Owner_47,Surname_47,user47@mail.com,"Street 297, Apt 31",466.24,Comfortable place,False,http://img.com/297.jpg,Interior view,2027-01-09,2027-01-11,Confirmed,567.9091699945786,Great experience!,5,2026-03-18
Owner_48,Surname_48,user48@mail.com,"Street 298, Apt 4",142.0,Comfortable place,True,http://img.com/298.jpg,Interior view,2027-01-10,2027-01-12,Confirmed,398.66354380177256,Great experience!,5,2026-03-18
Owner_49,Surname_49,user49@mail.com,"Street 299, Apt 60",190.22,Comfortable place,True,http://img.com/299.jpg,Interior view,2027-01-11,2027-01-13,Confirmed,584.9988792577569,Great experience!,3,2026-03-18
Owner_0,Surname_0,user0@mail.com,"Street 300, Apt 33",188.18,Comfortable place,False,http://img.com/300.jpg,Interior view,2027-01-12,2027-01-14,Confirmed,793.7005112887424,Great experience!,4,2026-03-18
Owner_1,Surname_1,user1@mail.com,"Street 301, Apt 10",486.47,Comfortable place,True,http://img.com/301.jpg,Interior view,2027-01-13,2027-01-15,Confirmed,100.86584101099771,Great experience!,2,2026-03-18
Owner_2,Surname_2,user2@mail.com,"Street 302, Apt 76",111.03,Comfortable place,False,http://img.com/302.jpg,Interior view,2027-01-14,2027-01-16,Confirmed,201.9807672824395,Great experience!,2,2026-03-18
Owner_3,Surname_3,user3@mail.com,"Street 303, Apt 14",474.37,Comfortable place,True,http://img.com/303.jpg,Interior view,2027-01-15,2027-01-17,Confirmed,646.3867874511795,Great experience!,3,2026-03-18
Owner_4,Surname_4,user4@mail.com,"Street 304, Apt 10",318.74,Comfortable place,True,http://img.com/304.jpg,Interior view,2027-01-16,2027-01-18,Confirmed,856.9730898402574,Great experience!,5,2026-03-18
Owner_5,Surname_5,user5@mail.com,"Street 305, Apt 51",212.59,Comfortable place,True,http://img.com/305.jpg,Interior view,2027-01-17,2027-01-19,Confirmed,178.2759434922965,Great experience!,2,2026-03-18
Owner_6,Surname_6,user6@mail.com,"Street 306, Apt 29",498.9,Comfortable place,True,http://img.com/306.jpg,Interior view,2027-01-18,2027-01-20,Confirmed,962.1907776188652,Great experience!,3,2026-03-18
Owner_7,Surname_7,user7@mail.com,"Street 307, Apt 29",221.47,Comfortable place,False,http://img.com/307.jpg,Interior view,2027-01-19,2027-01-21,Confirmed,209.41591664755643,Great experience!,4,2026-03-18
Owner_8,Surname_8,user8@mail.com,"Street 308, Apt 2",305.92,Comfortable place,False,http://img.com/308.jpg,Interior view,2027-01-20,2027-01-22,Confirmed,218.95964625831562,Great experience!,4,2026-03-18
Owner_9,Surname_9,user9@mail.com,"Street 309, Apt 99",289.8,Comfortable place,False,http://img.com/309.jpg,Interior view,2027-01-21,2027-01-23,Confirmed,287.8933433744123,Great experience!,2,2026-03-18
Owner_10,Surname_10,user10@mail.com,"Street 310, Apt 5",60.01,Comfortable place,True,http://img.com/310.jpg,Interior view,2027-01-22,2027-01-24,Confirmed,496.3279435387142,Great experience!,4,2026-03-18
Owner_11,Surname_11,user11@mail.com,"Street 311, Apt 78",308.92,Comfortable place,True,http://img.com/311.jpg,Interior view,2027-01-23,2027-01-25,Confirmed,934.5848223786035,Great experience!,5,2026-03-18
Owner_12,Surname_12,user12@mail.com,"Street 312, Apt 51",437.51,Comfortable place,True,http://img.com/312.jpg,Interior view,2027-01-24,2027-01-26,Confirmed,402.6957044697667,Great experience!,3,2026-03-18
Owner_13,Surname_13,user13@mail.com,"Street 313, Apt 56",205.88,Comfortable place,True,http://img.com/313.jpg,Interior view,2027-01-25,2027-01-27,Confirmed,324.613096167891,Great experience!,3,2026-03-18
Owner_14,Surname_14,user14@mail.com,"Street 314, Apt 58",428.53,Comfortable place,False,http://img.com/314.jpg,Interior view,2027-01-26,2027-01-28,Confirmed,436.192023079075,Great experience!,4,2026-03-18
Owner_15,Surname_15,user15@mail.com,"Street 315, Apt 47",314.72,Comfortable place,False,http://img.com/315.jpg,Interior view,2027-01-27,2027-01-29,Confirmed,790.9131207345707,Great experience!,3,2026-03-18
Owner_16,Surname_16,user16@mail.com,"Street 316, Apt 86",119.6,Comfortable place,True,http://img.com/316.jpg,Interior view,2027-01-28,2027-01-30,Confirmed,402.3008274312401,Great experience!,3,2026-03-18
Owner_17,Surname_17,user17@mail.com,"Street 317, Apt 34",178.27,Comfortable place,False,http://img.com/317.jpg,Interior view,2027-01-29,2027-01-31,Confirmed,412.08162663992437,Great experience!,1,2026-03-18
Owner_18,Surname_18,user18@mail.com,"Street 318, Apt 37",118.68,Comfortable place,False,http://img.com/318.jpg,Interior view,2027-01-30,2027-02-01,Confirmed,863.0822340706778,Great experience!,4,2026-03-18
Owner_19,Surname_19,user19@mail.com,"Street 319, Apt 92",371.62,Comfortable place,True,http://img.com/319.jpg,Interior view,2027-01-31,2027-02-02,Confirmed,293.57263413336347,Great experience!,4,2026-03-18
Owner_20,Surname_20,user20@mail.com,"Street 320, Apt 81",113.13,Comfortable place,True,http://img.com/320.jpg,Interior view,2027-02-01,2027-02-03,Confirmed,686.7980591868952,Great experience!,1,2026-03-18
Owner_21,Surname_21,user21@mail.com,"Street 321, Apt 33",263.02,Comfortable place,False,http://img.com/321.jpg,Interior view,2027-02-02,2027-02-04,Confirmed,273.8320700894715,Great experience!,3,2026-03-18
Owner_22,Surname_22,user22@mail.com,"Street 322, Apt 48",364.73,Comfortable place,True,http://img.com/322.jpg,Interior view,2027-02-03,2027-02-05,Confirmed,534.9863809099231,Great experience!,1,2026-03-18
Owner_23,Surname_23,user23@mail.com,"Street 323, Apt 79",427.9,Comfortable place,True,http://img.com/323.jpg,Interior view,2027-02-04,2027-02-06,Confirmed,763.595842136911,Great experience!,5,2026-03-18
Owner_24,Surname_24,user24@mail.com,"Street 324, Apt 26",261.82,Comfortable place,True,http://img.com/324.jpg,Interior view,2027-02-05,2027-02-07,Confirmed,817.1892144520991,Great experience!,2,2026-03-18
Owner_25,Surname_25,user25@mail.com,"Street 325, Apt 16",294.9,Comfortable place,True,http://img.com/325.jpg,Interior view,2027-02-06,2027-02-08,Confirmed,519.699447167374,Great experience!,1,2026-03-18
Owner_26,Surname_26,user26@mail.com,"Street 326, Apt 13",340.76,Comfortable place,True,http://img.com/326.jpg,Interior view,2027-02-07,2027-02-09,Confirmed,505.3702755912911,Great experience!,5,2026-03-18
Owner_27,Surname_27,user27@mail.com,"Street 327, Apt 14",86.27,Comfortable place,True,http://img.com/327.jpg,Interior view,2027-02-08,2027-02-10,Confirmed,370.051505118857,Great experience!,5,2026-03-18
Owner_28,Surname_28,user28@mail.com,"Street 328, Apt 62",133.24,Comfortable place,True,http://img.com/328.jpg,Interior view,2027-02-09,2027-02-11,Confirmed,419.03931526595,Great experience!,4,2026-03-18
Owner_29,Surname_29,user29@mail.com,"Street 329, Apt 19",65.49,Comfortable place,False,http://img.com/329.jpg,Interior view,2027-02-10,2027-02-12,Confirmed,440.5852673093366,Great experience!,1,2026-03-18
Owner_30,Surname_30,user30@mail.com,"Street 330, Apt 83",372.66,Comfortable place,True,http://img.com/330.jpg,Interior view,2027-02-11,2027-02-13,Confirmed,456.6398546628226,Great experience!,2,2026-03-18
Owner_31,Surname_31,user31@mail.com,"Street 331, Apt 71",417.3,Comfortable place,True,http://img.com/331.jpg,Interior view,2027-02-12,2027-02-14,Confirmed,779.194242142854,Great experience!,1,2026-03-18
Owner_32,Surname_32,user32@mail.com,"Street 332, Apt 12",182.93,Comfortable place,False,http://img.com/332.jpg,Interior view,2027-02-13,2027-02-15,Confirmed,448.7329764834883,Great experience!,3,2026-03-18
Owner_33,Surname_33,user33@mail.com,"Street 333, Apt 16",64.71,Comfortable place,False,http://img.com/333.jpg,Interior view,2027-02-14,2027-02-16,Confirmed,644.7175249568577,Great experience!,4,2026-03-18
Owner_34,Surname_34,user34@mail.com,"Street 334, Apt 21",452.01,Comfortable place,True,http://img.com/334.jpg,Interior view,2027-02-15,2027-02-17,Confirmed,560.5270862350453,Great experience!,3,2026-03-18
Owner_35,Surname_35,user35@mail.com,"Street 335, Apt 6",434.59,Comfortable place,True,http://img.com/335.jpg,Interior view,2027-02-16,2027-02-18,Confirmed,174.13727328883152,Great experience!,2,2026-03-18
Owner_36,Surname_36,user36@mail.com,"Street 336, Apt 94",244.72,Comfortable place,True,http://img.com/336.jpg,Interior view,2027-02-17,2027-02-19,Confirmed,195.42177983308943,Great experience!,5,2026-03-18
Owner_37,Surname_37,user37@mail.com,"Street 337, Apt 20",179.31,Comfortable place,False,http://img.com/337.jpg,Interior view,2027-02-18,2027-02-20,Confirmed,365.6989029717237,Great experience!,1,2026-03-18
Owner_38,Surname_38,user38@mail.com,"Street 338, Apt 3",135.18,Comfortable place,True,http://img.com/338.jpg,Interior view,2027-02-19,2027-02-21,Confirmed,996.1778524447404,Great experience!,2,2026-03-18
Owner_39,Surname_39,user39@mail.com,"Street 339, Apt 33",164.93,Comfortable place,False,http://img.com/339.jpg,Interior view,2027-02-20,2027-02-22,Confirmed,623.308785067126,Great experience!,3,2026-03-18
Owner_40,Surname_40,user40@mail.com,"Street 340, Apt 74",282.45,Comfortable place,False,http://img.com/340.jpg,Interior view,2027-02-21,2027-02-23,Confirmed,535.4237940755099,Great experience!,4,2026-03-18
Owner_41,Surname_41,user41@mail.com,"Street 341, Apt 62",192.22,Comfortable place,False,http://img.com/341.jpg,Interior view,2027-02-22,2027-02-24,Confirmed,618.8958557081767,Great experience!,3,2026-03-18
Owner_42,Surname_42,user42@mail.com,"Street 342, Apt 48",488.7,Comfortable place,False,http://img.com/342.jpg,Interior view,2027-02-23,2027-02-25,Confirmed,823.7678161802122,Great experience!,5,2026-03-18
Owner_43,Surname_43,user43@mail.com,"Street 343, Apt 59",202.53,Comfortable place,False,http://img.com/343.jpg,Interior view,2027-02-24,2027-02-26,Confirmed,225.81939447017945,Great experience!,4,2026-03-18
Owner_44,Surname_44,user44@mail.com,"Street 344, Apt 34",404.38,Comfortable place,True,http://img.com/344.jpg,Interior view,2027-02-25,2027-02-27,Confirmed,470.41752055096816,Great experience!,2,2026-03-18
Owner_45,Surname_45,user45@mail.com,"Street 345, Apt 9",393.48,Comfortable place,True,http://img.com/345.jpg,Interior view,2027-02-26,2027-02-28,Confirmed,827.3726380305865,Great experience!,3,2026-03-18
Owner_46,Surname_46,user46@mail.com,"Street 346, Apt 19",119.12,Comfortable place,True,http://img.com/346.jpg,Interior view,2027-02-27,2027-03-01,Confirmed,785.4358845098649,Great experience!,2,2026-03-18
Owner_47,Surname_47,user47@mail.com,"Street 347, Apt 3",428.81,Comfortable place,False,http://img.com/347.jpg,Interior view,2027-02-28,2027-03-02,Confirmed,571.7377193732144,Great experience!,2,2026-03-18
Owner_48,Surname_48,user48@mail.com,"Street 348, Apt 5",439.15,Comfortable place,False,http://img.com/348.jpg,Interior view,2027-03-01,2027-03-03,Confirmed,420.1466637487676,Great experience!,3,2026-03-18
Owner_49,Surname_49,user49@mail.com,"Street 349, Apt 67",454.67,Comfortable place,True,http://img.com/349.jpg,Interior view,2027-03-02,2027-03-04,Confirmed,156.29701471146925,Great experience!,2,2026-03-18
Owner_0,Surname_0,user0@mail.com,"Street 350, Apt 4",433.35,Comfortable place,False,http://img.com/350.jpg,Interior view,2027-03-03,2027-03-05,Confirmed,244.45642991930606,Great experience!,5,2026-03-18
Owner_1,Surname_1,user1@mail.com,"Street 351, Apt 35",287.74,Comfortable place,False,http://img.com/351.jpg,Interior view,2027-03-04,2027-03-06,Confirmed,171.63502076338048,Great experience!,3,2026-03-18
Owner_2,Surname_2,user2@mail.com,"Street 352, Apt 54",467.93,Comfortable place,True,http://img.com/352.jpg,Interior view,2027-03-05,2027-03-07,Confirmed,209.49275025417975,Great experience!,3,2026-03-18
Owner_3,Surname_3,user3@mail.com,"Street 353, Apt 4",95.2,Comfortable place,True,http://img.com/353.jpg,Interior view,2027-03-06,2027-03-08,Confirmed,548.7627127854182,Great experience!,5,2026-03-18
Owner_4,Surname_4,user4@mail.com,"Street 354, Apt 49",96.44,Comfortable place,True,http://img.com/354.jpg,Interior view,2027-03-07,2027-03-09,Confirmed,335.68015697074156,Great experience!,1,2026-03-18
Owner_5,Surname_5,user5@mail.com,"Street 355, Apt 13",453.42,Comfortable place,True,http://img.com/355.jpg,Interior view,2027-03-08,2027-03-10,Confirmed,623.9507142682471,Great experience!,1,2026-03-18
Owner_6,Surname_6,user6@mail.com,"Street 356, Apt 2",410.18,Comfortable place,True,http://img.com/356.jpg,Interior view,2027-03-09,2027-03-11,Confirmed,681.5887715782188,Great experience!,5,2026-03-18
Owner_7,Surname_7,user7@mail.com,"Street 357, Apt 58",429.93,Comfortable place,True,http://img.com/357.jpg,Interior view,2027-03-10,2027-03-12,Confirmed,308.07852287451806,Great experience!,3,2026-03-18
Owner_8,Surname_8,user8@mail.com,"Street 358, Apt 42",435.35,Comfortable place,True,http://img.com/358.jpg,Interior view,2027-03-11,2027-03-13,Confirmed,921.7437972230562,Great experience!,1,2026-03-18
Owner_9,Surname_9,user9@mail.com,"Street 359, Apt 2",481.87,Comfortable place,True,http://img.com/359.jpg,Interior view,2027-03-12,2027-03-14,Confirmed,244.14301613048332,Great experience!,2,2026-03-18
Owner_10,Surname_10,user10@mail.com,"Street 360, Apt 20",445.92,Comfortable place,True,http://img.com/360.jpg,Interior view,2027-03-13,2027-03-15,Confirmed,272.76497810168064,Great experience!,2,2026-03-18
Owner_11,Surname_11,user11@mail.com,"Street 361, Apt 22",115.34,Comfortable place,True,http://img.com/361.jpg,Interior view,2027-03-14,2027-03-16,Confirmed,375.51984804945647,Great experience!,4,2026-03-18
Owner_12,Surname_12,user12@mail.com,"Street 362, Apt 44",387.89,Comfortable place,False,http://img.com/362.jpg,Interior view,2027-03-15,2027-03-17,Confirmed,606.8224721234766,Great experience!,1,2026-03-18
Owner_13,Surname_13,user13@mail.com,"Street 363, Apt 2",99.03,Comfortable place,True,http://img.com/363.jpg,Interior view,2027-03-16,2027-03-18,Confirmed,412.45233262020867,Great experience!,3,2026-03-18
Owner_14,Surname_14,user14@mail.com,"Street 364, Apt 1",51.04,Comfortable place,False,http://img.com/364.jpg,Interior view,2027-03-17,2027-03-19,Confirmed,315.54095926048706,Great experience!,4,2026-03-18
Owner_15,Surname_15,user15@mail.com,"Street 365, Apt 14",74.38,Comfortable place,False,http://img.com/365.jpg,Interior view,2027-03-18,2027-03-20,Confirmed,220.69057100363307,Great experience!,2,2026-03-18
Owner_16,Surname_16,user16@mail.com,"Street 366, Apt 36",250.28,Comfortable place,True,http://img.com/366.jpg,Interior view,2027-03-19,2027-03-21,Confirmed,710.8914084353619,Great experience!,2,2026-03-18
Owner_17,Surname_17,user17@mail.com,"Street 367, Apt 1",92.11,Comfortable place,False,http://img.com/367.jpg,Interior view,2027-03-20,2027-03-22,Confirmed,939.6892641992666,Great experience!,5,2026-03-18
Owner_18,Surname_18,user18@mail.com,"Street 368, Apt 31",312.56,Comfortable place,True,http://img.com/368.jpg,Interior view,2027-03-21,2027-03-23,Confirmed,846.6150612192196,Great experience!,2,2026-03-18
Owner_19,Surname_19,user19@mail.com,"Street 369, Apt 16",55.13,Comfortable place,False,http://img.com/369.jpg,Interior view,2027-03-22,2027-03-24,Confirmed,780.8889484403642,Great experience!,3,2026-03-18
Owner_20,Surname_20,user20@mail.com,"Street 370, Apt 36",320.06,Comfortable place,True,http://img.com/370.jpg,Interior view,2027-03-23,2027-03-25,Confirmed,708.1597010689133,Great experience!,2,2026-03-18
Owner_21,Surname_21,user21@mail.com,"Street 371, Apt 13",373.26,Comfortable place,True,http://img.com/371.jpg,Interior view,2027-03-24,2027-03-26,Confirmed,157.32959412948998,Great experience!,5,2026-03-18
Owner_22,Surname_22,user22@mail.com,"Street 372, Apt 76",420.57,Comfortable place,True,http://img.com/372.jpg,Interior view,2027-03-25,2027-03-27,Confirmed,472.1029490260542,Great experience!,4,2026-03-18
Owner_23,Surname_23,user23@mail.com,"Street 373, Apt 87",326.01,Comfortable place,True,http://img.com/373.jpg,Interior view,2027-03-26,2027-03-28,Confirmed,628.8508349415223,Great experience!,4,2026-03-18
Owner_24,Surname_24,user24@mail.com,"Street 374, Apt 86",337.16,Comfortable place,False,http://img.com/374.jpg,Interior view,2027-03-27,2027-03-29,Confirmed,368.7988151873665,Great experience!,4,2026-03-18
Owner_25,Surname_25,user25@mail.com,"Street 375, Apt 44",493.94,Comfortable place,False,http://img.com/375.jpg,Interior view,2027-03-28,2027-03-30,Confirmed,667.5208210862622,Great experience!,3,2026-03-18
Owner_26,Surname_26,user26@mail.com,"Street 376, Apt 3",146.83,Comfortable place,True,http://img.com/376.jpg,Interior view,2027-03-29,2027-03-31,Confirmed,719.1650781680283,Great experience!,3,2026-03-18
Owner_27,Surname_27,user27@mail.com,"Street 377, Apt 11",453.66,Comfortable place,False,http://img.com/377.jpg,Interior view,2027-03-30,2027-04-01,Confirmed,790.5904879507151,Great experience!,5,2026-03-18
Owner_28,Surname_28,user28@mail.com,"Street 378, Apt 77",292.36,Comfortable place,False,http://img.com/378.jpg,Interior view,2027-03-31,2027-04-02,Confirmed,630.8877738841429,Great experience!,3,2026-03-18
Owner_29,Surname_29,user29@mail.com,"Street 379, Apt 43",488.14,Comfortable place,True,http://img.com/379.jpg,Interior view,2027-04-01,2027-04-03,Confirmed,970.9122103527316,Great experience!,5,2026-03-18
Owner_30,Surname_30,user30@mail.com,"Street 380, Apt 34",201.23,Comfortable place,True,http://img.com/380.jpg,Interior view,2027-04-02,2027-04-04,Confirmed,910.0275343422757,Great experience!,2,2026-03-18
Owner_31,Surname_31,user31@mail.com,"Street 381, Apt 51",332.52,Comfortable place,False,http://img.com/381.jpg,Interior view,2027-04-03,2027-04-05,Confirmed,377.876615640073,Great experience!,2,2026-03-18
Owner_32,Surname_32,user32@mail.com,"Street 382, Apt 70",252.07,Comfortable place,False,http://img.com/382.jpg,Interior view,2027-04-04,2027-04-06,Confirmed,112.06505390381551,Great experience!,1,2026-03-18
Owner_33,Surname_33,user33@mail.com,"Street 383, Apt 95",297.2,Comfortable place,True,http://img.com/383.jpg,Interior view,2027-04-05,2027-04-07,Confirmed,344.35534131899885,Great experience!,2,2026-03-18
Owner_34,Surname_34,user34@mail.com,"Street 384, Apt 8",166.06,Comfortable place,True,http://img.com/384.jpg,Interior view,2027-04-06,2027-04-08,Confirmed,449.6441776280249,Great experience!,4,2026-03-18
Owner_35,Surname_35,user35@mail.com,"Street 385, Apt 38",243.44,Comfortable place,False,http://img.com/385.jpg,Interior view,2027-04-07,2027-04-09,Confirmed,535.5361558292632,Great experience!,4,2026-03-18
Owner_36,Surname_36,user36@mail.com,"Street 386, Apt 80",409.29,Comfortable place,False,http://img.com/386.jpg,Interior view,2027-04-08,2027-04-10,Confirmed,208.2914459557599,Great experience!,1,2026-03-18
Owner_37,Surname_37,user37@mail.com,"Street 387, Apt 26",418.4,Comfortable place,True,http://img.com/387.jpg,Interior view,2027-04-09,2027-04-11,Confirmed,326.01105007251687,Great experience!,4,2026-03-18
Owner_38,Surname_38,user38@mail.com,"Street 388, Apt 52",192.86,Comfortable place,True,http://img.com/388.jpg,Interior view,2027-04-10,2027-04-12,Confirmed,103.37402055104309,Great experience!,4,2026-03-18
Owner_39,Surname_39,user39@mail.com,"Street 389, Apt 50",240.73,Comfortable place,True,http://img.com/389.jpg,Interior view,2027-04-11,2027-04-13,Confirmed,328.0006881331614,Great experience!,5,2026-03-18
Owner_40,Surname_40,user40@mail.com,"Street 390, Apt 15",182.66,Comfortable place,False,http://img.com/390.jpg,Interior view,2027-04-12,2027-04-14,Confirmed,813.2281638422145,Great experience!,4,2026-03-18
Owner_41,Surname_41,user41@mail.com,"Street 391, Apt 58",80.24,Comfortable place,False,http://img.com/391.jpg,Interior view,2027-04-13,2027-04-15,Confirmed,298.92789477399236,Great experience!,5,2026-03-18
Owner_42,Surname_42,user42@mail.com,"Street 392, Apt 98",389.22,Comfortable place,False,http://img.com/392.jpg,Interior view,2027-04-14,2027-04-16,Confirmed,726.0366363925999,Great experience!,5,2026-03-18
Owner_43,Surname_43,user43@mail.com,"Street 393, Apt 48",57.9,Comfortable place,True,http://img.com/393.jpg,Interior view,2027-04-15,2027-04-17,Confirmed,882.6761832632194,Great experience!,1,2026-03-18
Owner_44,Surname_44,user44@mail.com,"Street 394, Apt 98",393.24,Comfortable place,False,http://img.com/394.jpg,Interior view,2027-04-16,2027-04-18,Confirmed,853.2877802375343,Great experience!,3,2026-03-18
Owner_45,Surname_45,user45@mail.com,"Street 395, Apt 54",467.5,Comfortable place,False,http://img.com/395.jpg,Interior view,2027-04-17,2027-04-19,Confirmed,318.9861130577108,Great experience!,5,2026-03-18
Owner_46,Surname_46,user46@mail.com,"Street 396, Apt 70",423.4,Comfortable place,False,http://img.com/396.jpg,Interior view,2027-04-18,2027-04-20,Confirmed,128.70157958482292,Great experience!,1,2026-03-18
Owner_47,Surname_47,user47@mail.com,"Street 397, Apt 32",54.24,Comfortable place,True,http://img.com/397.jpg,Interior view,2027-04-19,2027-04-21,Confirmed,825.4604191770169,Great experience!,2,2026-03-18
Owner_48,Surname_48,user48@mail.com,"Street 398, Apt 38",191.63,Comfortable place,True,http://img.com/398.jpg,Interior view,2027-04-20,2027-04-22,Confirmed,457.4764516028829,Great experience!,1,2026-03-18
Owner_49,Surname_49,user49@mail.com,"Street 399, Apt 45",71.62,Comfortable place,False,http://img.com/399.jpg,Interior view,2027-04-21,2027-04-23,Confirmed,175.39810157089863,Great experience!,4,2026-03-18
Owner_0,Surname_0,user0@mail.com,"Street 400, Apt 96",189.23,Comfortable place,False,http://img.com/400.jpg,Interior view,2027-04-22,2027-04-24,Confirmed,559.9500998655855,Great experience!,4,2026-03-18
Owner_1,Surname_1,user1@mail.com,"Street 401, Apt 30",318.46,Comfortable place,True,http://img.com/401.jpg,Interior view,2027-04-23,2027-04-25,Confirmed,515.2214278968524,Great experience!,2,2026-03-18
Owner_2,Surname_2,user2@mail.com,"Street 402, Apt 80",292.04,Comfortable place,False,http://img.com/402.jpg,Interior view,2027-04-24,2027-04-26,Confirmed,829.2981990023335,Great experience!,3,2026-03-18
Owner_3,Surname_3,user3@mail.com,"Street 403, Apt 75",306.34,Comfortable place,False,http://img.com/403.jpg,Interior view,2027-04-25,2027-04-27,Confirmed,948.8940808248705,Great experience!,2,2026-03-18
Owner_4,Surname_4,user4@mail.com,"Street 404, Apt 1",297.76,Comfortable place,True,http://img.com/404.jpg,Interior view,2027-04-26,2027-04-28,Confirmed,954.7378332863431,Great experience!,2,2026-03-18
Owner_5,Surname_5,user5@mail.com,"Street 405, Apt 64",315.51,Comfortable place,False,http://img.com/405.jpg,Interior view,2027-04-27,2027-04-29,Confirmed,567.8164728751558,Great experience!,2,2026-03-18
Owner_6,Surname_6,user6@mail.com,"Street 406, Apt 92",411.84,Comfortable place,True,http://img.com/406.jpg,Interior view,2027-04-28,2027-04-30,Confirmed,715.1785699979621,Great experience!,3,2026-03-18
Owner_7,Surname_7,user7@mail.com,"Street 407, Apt 51",130.59,Comfortable place,True,http://img.com/407.jpg,Interior view,2027-04-29,2027-05-01,Confirmed,282.1579997528211,Great experience!,1,2026-03-18
Owner_8,Surname_8,user8@mail.com,"Street 408, Apt 29",106.34,Comfortable place,False,http://img.com/408.jpg,Interior view,2027-04-30,2027-05-02,Confirmed,733.9976991475105,Great experience!,3,2026-03-18
Owner_9,Surname_9,user9@mail.com,"Street 409, Apt 24",312.59,Comfortable place,True,http://img.com/409.jpg,Interior view,2027-05-01,2027-05-03,Confirmed,241.92550390559708,Great experience!,4,2026-03-18
Owner_10,Surname_10,user10@mail.com,"Street 410, Apt 10",315.13,Comfortable place,False,http://img.com/410.jpg,Interior view,2027-05-02,2027-05-04,Confirmed,633.1150699108537,Great experience!,3,2026-03-18
Owner_11,Surname_11,user11@mail.com,"Street 411, Apt 56",461.23,Comfortable place,True,http://img.com/411.jpg,Interior view,2027-05-03,2027-05-05,Confirmed,811.1846646071393,Great experience!,4,2026-03-18
Owner_12,Surname_12,user12@mail.com,"Street 412, Apt 9",369.63,Comfortable place,False,http://img.com/412.jpg,Interior view,2027-05-04,2027-05-06,Confirmed,797.6948472773429,Great experience!,2,2026-03-18
Owner_13,Surname_13,user13@mail.com,"Street 413, Apt 22",461.39,Comfortable place,True,http://img.com/413.jpg,Interior view,2027-05-05,2027-05-07,Confirmed,254.28969485495776,Great experience!,5,2026-03-18
Owner_14,Surname_14,user14@mail.com,"Street 414, Apt 92",253.18,Comfortable place,True,http://img.com/414.jpg,Interior view,2027-05-06,2027-05-08,Confirmed,820.7152086627148,Great experience!,1,2026-03-18
Owner_15,Surname_15,user15@mail.com,"Street 415, Apt 62",439.65,Comfortable place,True,http://img.com/415.jpg,Interior view,2027-05-07,2027-05-09,Confirmed,448.22814784390505,Great experience!,1,2026-03-18
Owner_16,Surname_16,user16@mail.com,"Street 416, Apt 67",115.48,Comfortable place,False,http://img.com/416.jpg,Interior view,2027-05-08,2027-05-10,Confirmed,871.2866711951467,Great experience!,3,2026-03-18
Owner_17,Surname_17,user17@mail.com,"Street 417, Apt 85",294.08,Comfortable place,True,http://img.com/417.jpg,Interior view,2027-05-09,2027-05-11,Confirmed,294.06671999451555,Great experience!,5,2026-03-18
Owner_18,Surname_18,user18@mail.com,"Street 418, Apt 38",366.0,Comfortable place,False,http://img.com/418.jpg,Interior view,2027-05-10,2027-05-12,Confirmed,533.3088587269153,Great experience!,2,2026-03-18
Owner_19,Surname_19,user19@mail.com,"Street 419, Apt 79",347.61,Comfortable place,True,http://img.com/419.jpg,Interior view,2027-05-11,2027-05-13,Confirmed,626.6513585687665,Great experience!,4,2026-03-18
Owner_20,Surname_20,user20@mail.com,"Street 420, Apt 53",384.53,Comfortable place,True,http://img.com/420.jpg,Interior view,2027-05-12,2027-05-14,Confirmed,269.5432724446688,Great experience!,2,2026-03-18
Owner_21,Surname_21,user21@mail.com,"Street 421, Apt 4",483.99,Comfortable place,True,http://img.com/421.jpg,Interior view,2027-05-13,2027-05-15,Confirmed,751.2612327267994,Great experience!,5,2026-03-18
Owner_22,Surname_22,user22@mail.com,"Street 422, Apt 29",175.71,Comfortable place,False,http://img.com/422.jpg,Interior view,2027-05-14,2027-05-16,Confirmed,110.08952890500834,Great experience!,1,2026-03-18
Owner_23,Surname_23,user23@mail.com,"Street 423, Apt 23",218.88,Comfortable place,False,http://img.com/423.jpg,Interior view,2027-05-15,2027-05-17,Confirmed,842.3865311853698,Great experience!,2,2026-03-18
Owner_24,Surname_24,user24@mail.com,"Street 424, Apt 86",390.47,Comfortable place,True,http://img.com/424.jpg,Interior view,2027-05-16,2027-05-18,Confirmed,210.35057292436596,Great experience!,1,2026-03-18
Owner_25,Surname_25,user25@mail.com,"Street 425, Apt 22",60.07,Comfortable place,True,http://img.com/425.jpg,Interior view,2027-05-17,2027-05-19,Confirmed,825.5374576002762,Great experience!,4,2026-03-18
Owner_26,Surname_26,user26@mail.com,"Street 426, Apt 30",106.7,Comfortable place,True,http://img.com/426.jpg,Interior view,2027-05-18,2027-05-20,Confirmed,836.6358994361628,Great experience!,1,2026-03-18
Owner_27,Surname_27,user27@mail.com,"Street 427, Apt 54",326.69,Comfortable place,False,http://img.com/427.jpg,Interior view,2027-05-19,2027-05-21,Confirmed,968.6393902127213,Great experience!,4,2026-03-18
Owner_28,Surname_28,user28@mail.com,"Street 428, Apt 48",106.11,Comfortable place,False,http://img.com/428.jpg,Interior view,2027-05-20,2027-05-22,Confirmed,915.5762496414051,Great experience!,1,2026-03-18
Owner_29,Surname_29,user29@mail.com,"Street 429, Apt 60",51.64,Comfortable place,True,http://img.com/429.jpg,Interior view,2027-05-21,2027-05-23,Confirmed,497.84036059938586,Great experience!,2,2026-03-18
Owner_30,Surname_30,user30@mail.com,"Street 430, Apt 21",246.71,Comfortable place,True,http://img.com/430.jpg,Interior view,2027-05-22,2027-05-24,Confirmed,969.1320200734752,Great experience!,2,2026-03-18
Owner_31,Surname_31,user31@mail.com,"Street 431, Apt 93",326.34,Comfortable place,False,http://img.com/431.jpg,Interior view,2027-05-23,2027-05-25,Confirmed,269.5961076699298,Great experience!,5,2026-03-18
Owner_32,Surname_32,user32@mail.com,"Street 432, Apt 73",424.62,Comfortable place,False,http://img.com/432.jpg,Interior view,2027-05-24,2027-05-26,Confirmed,949.3913846519822,Great experience!,3,2026-03-18
Owner_33,Surname_33,user33@mail.com,"Street 433, Apt 74",145.67,Comfortable place,False,http://img.com/433.jpg,Interior view,2027-05-25,2027-05-27,Confirmed,785.1121907954047,Great experience!,2,2026-03-18
Owner_34,Surname_34,user34@mail.com,"Street 434, Apt 32",496.32,Comfortable place,True,http://img.com/434.jpg,Interior view,2027-05-26,2027-05-28,Confirmed,837.1425428847822,Great experience!,5,2026-03-18
Owner_35,Surname_35,user35@mail.com,"Street 435, Apt 96",320.07,Comfortable place,True,http://img.com/435.jpg,Interior view,2027-05-27,2027-05-29,Confirmed,430.37753504665596,Great experience!,5,2026-03-18
Owner_36,Surname_36,user36@mail.com,"Street 436, Apt 88",218.87,Comfortable place,False,http://img.com/436.jpg,Interior view,2027-05-28,2027-05-30,Confirmed,129.256418387314,Great experience!,1,2026-03-18
Owner_37,Surname_37,user37@mail.com,"Street 437, Apt 2",124.22,Comfortable place,True,http://img.com/437.jpg,Interior view,2027-05-29,2027-05-31,Confirmed,752.2340417265867,Great experience!,1,2026-03-18
Owner_38,Surname_38,user38@mail.com,"Street 438, Apt 41",388.27,Comfortable place,False,http://img.com/438.jpg,Interior view,2027-05-30,2027-06-01,Confirmed,446.41632755168484,Great experience!,3,2026-03-18
Owner_39,Surname_39,user39@mail.com,"Street 439, Apt 32",79.89,Comfortable place,False,http://img.com/439.jpg,Interior view,2027-05-31,2027-06-02,Confirmed,494.1389189833235,Great experience!,4,2026-03-18
Owner_40,Surname_40,user40@mail.com,"Street 440, Apt 80",290.67,Comfortable place,True,http://img.com/440.jpg,Interior view,2027-06-01,2027-06-03,Confirmed,472.3228267095825,Great experience!,5,2026-03-18
Owner_41,Surname_41,user41@mail.com,"Street 441, Apt 55",59.6,Comfortable place,True,http://img.com/441.jpg,Interior view,2027-06-02,2027-06-04,Confirmed,971.2722119441144,Great experience!,4,2026-03-18
Owner_42,Surname_42,user42@mail.com,"Street 442, Apt 87",381.85,Comfortable place,False,http://img.com/442.jpg,Interior view,2027-06-03,2027-06-05,Confirmed,204.25933039233635,Great experience!,3,2026-03-18
Owner_43,Surname_43,user43@mail.com,"Street 443, Apt 57",347.26,Comfortable place,False,http://img.com/443.jpg,Interior view,2027-06-04,2027-06-06,Confirmed,743.5524148271046,Great experience!,2,2026-03-18
Owner_44,Surname_44,user44@mail.com,"Street 444, Apt 61",185.97,Comfortable place,True,http://img.com/444.jpg,Interior view,2027-06-05,2027-06-07,Confirmed,760.5601044274022,Great experience!,1,2026-03-18
Owner_45,Surname_45,user45@mail.com,"Street 445, Apt 98",84.12,Comfortable place,True,http://img.com/445.jpg,Interior view,2027-06-06,2027-06-08,Confirmed,647.1612990658563,Great experience!,3,2026-03-18
Owner_46,Surname_46,user46@mail.com,"Street 446, Apt 56",444.94,Comfortable place,False,http://img.com/446.jpg,Interior view,2027-06-07,2027-06-09,Confirmed,204.12000786347124,Great experience!,4,2026-03-18
Owner_47,Surname_47,user47@mail.com,"Street 447, Apt 45",201.66,Comfortable place,False,http://img.com/447.jpg,Interior view,2027-06-08,2027-06-10,Confirmed,347.0823371407642,Great experience!,2,2026-03-18
Owner_48,Surname_48,user48@mail.com,"Street 448, Apt 23",263.79,Comfortable place,True,http://img.com/448.jpg,Interior view,2027-06-09,2027-06-11,Confirmed,230.63061577586177,Great experience!,3,2026-03-18
Owner_49,Surname_49,user49@mail.com,"Street 449, Apt 82",445.13,Comfortable place,False,http://img.com/449.jpg,Interior view,2027-06-10,2027-06-12,Confirmed,799.1548549763655,Great experience!,5,2026-03-18
Owner_0,Surname_0,user0@mail.com,"Street 450, Apt 46",490.11,Comfortable place,True,http://img.com/450.jpg,Interior view,2027-06-11,2027-06-13,Confirmed,110.33157673194154,Great experience!,5,2026-03-18
Owner_1,Surname_1,user1@mail.com,"Street 451, Apt 67",166.71,Comfortable place,False,http://img.com/451.jpg,Interior view,2027-06-12,2027-06-14,Confirmed,441.0629919579867,Great experience!,5,2026-03-18
Owner_2,Surname_2,user2@mail.com,"Street 452, Apt 22",489.47,Comfortable place,True,http://img.com/452.jpg,Interior view,2027-06-13,2027-06-15,Confirmed,153.30727192167507,Great experience!,3,2026-03-18
Owner_3,Surname_3,user3@mail.com,"Street 453, Apt 37",359.77,Comfortable place,False,http://img.com/453.jpg,Interior view,2027-06-14,2027-06-16,Confirmed,536.1528290214078,Great experience!,4,2026-03-18
Owner_4,Surname_4,user4@mail.com,"Street 454, Apt 11",60.92,Comfortable place,True,http://img.com/454.jpg,Interior view,2027-06-15,2027-06-17,Confirmed,469.9247078667057,Great experience!,1,2026-03-18
Owner_5,Surname_5,user5@mail.com,"Street 455, Apt 15",405.79,Comfortable place,True,http://img.com/455.jpg,Interior view,2027-06-16,2027-06-18,Confirmed,352.8813030981346,Great experience!,1,2026-03-18
Owner_6,Surname_6,user6@mail.com,"Street 456, Apt 23",380.72,Comfortable place,True,http://img.com/456.jpg,Interior view,2027-06-17,2027-06-19,Confirmed,986.0969779825851,Great experience!,1,2026-03-18
Owner_7,Surname_7,user7@mail.com,"Street 457, Apt 9",365.89,Comfortable place,False,http://img.com/457.jpg,Interior view,2027-06-18,2027-06-20,Confirmed,392.1059257021191,Great experience!,2,2026-03-18
Owner_8,Surname_8,user8@mail.com,"Street 458, Apt 53",271.77,Comfortable place,False,http://img.com/458.jpg,Interior view,2027-06-19,2027-06-21,Confirmed,204.3897225624429,Great experience!,2,2026-03-18
Owner_9,Surname_9,user9@mail.com,"Street 459, Apt 35",297.26,Comfortable place,False,http://img.com/459.jpg,Interior view,2027-06-20,2027-06-22,Confirmed,253.76099989763142,Great experience!,4,2026-03-18
Owner_10,Surname_10,user10@mail.com,"Street 460, Apt 96",95.3,Comfortable place,True,http://img.com/460.jpg,Interior view,2027-06-21,2027-06-23,Confirmed,895.381889314083,Great experience!,3,2026-03-18
Owner_11,Surname_11,user11@mail.com,"Street 461, Apt 94",126.24,Comfortable place,True,http://img.com/461.jpg,Interior view,2027-06-22,2027-06-24,Confirmed,464.3642668734179,Great experience!,2,2026-03-18
Owner_12,Surname_12,user12@mail.com,"Street 462, Apt 54",283.36,Comfortable place,True,http://img.com/462.jpg,Interior view,2027-06-23,2027-06-25,Confirmed,721.3480915148215,Great experience!,4,2026-03-18
Owner_13,Surname_13,user13@mail.com,"Street 463, Apt 20",148.22,Comfortable place,True,http://img.com/463.jpg,Interior view,2027-06-24,2027-06-26,Confirmed,711.9295234095066,Great experience!,2,2026-03-18
Owner_14,Surname_14,user14@mail.com,"Street 464, Apt 21",317.82,Comfortable place,True,http://img.com/464.jpg,Interior view,2027-06-25,2027-06-27,Confirmed,764.6632797547309,Great experience!,4,2026-03-18
Owner_15,Surname_15,user15@mail.com,"Street 465, Apt 23",83.15,Comfortable place,True,http://img.com/465.jpg,Interior view,2027-06-26,2027-06-28,Confirmed,260.3860741767438,Great experience!,5,2026-03-18
Owner_16,Surname_16,user16@mail.com,"Street 466, Apt 99",454.54,Comfortable place,True,http://img.com/466.jpg,Interior view,2027-06-27,2027-06-29,Confirmed,958.7282381657025,Great experience!,5,2026-03-18
Owner_17,Surname_17,user17@mail.com,"Street 467, Apt 41",409.81,Comfortable place,True,http://img.com/467.jpg,Interior view,2027-06-28,2027-06-30,Confirmed,303.4288258436311,Great experience!,2,2026-03-18
Owner_18,Surname_18,user18@mail.com,"Street 468, Apt 24",176.29,Comfortable place,True,http://img.com/468.jpg,Interior view,2027-06-29,2027-07-01,Confirmed,367.2150902775544,Great experience!,3,2026-03-18
Owner_19,Surname_19,user19@mail.com,"Street 469, Apt 41",215.91,Comfortable place,False,http://img.com/469.jpg,Interior view,2027-06-30,2027-07-02,Confirmed,966.8184085018058,Great experience!,5,2026-03-18
Owner_20,Surname_20,user20@mail.com,"Street 470, Apt 7",185.19,Comfortable place,True,http://img.com/470.jpg,Interior view,2027-07-01,2027-07-03,Confirmed,647.8218940346119,Great experience!,4,2026-03-18
Owner_21,Surname_21,user21@mail.com,"Street 471, Apt 100",128.67,Comfortable place,True,http://img.com/471.jpg,Interior view,2027-07-02,2027-07-04,Confirmed,758.3393684329612,Great experience!,1,2026-03-18
Owner_22,Surname_22,user22@mail.com,"Street 472, Apt 39",203.77,Comfortable place,False,http://img.com/472.jpg,Interior view,2027-07-03,2027-07-05,Confirmed,898.7431328557284,Great experience!,2,2026-03-18
Owner_23,Surname_23,user23@mail.com,"Street 473, Apt 36",228.31,Comfortable place,True,http://img.com/473.jpg,Interior view,2027-07-04,2027-07-06,Confirmed,345.26010718755106,Great experience!,5,2026-03-18
Owner_24,Surname_24,user24@mail.com,"Street 474, Apt 62",490.62,Comfortable place,True,http://img.com/474.jpg,Interior view,2027-07-05,2027-07-07,Confirmed,175.09424087611728,Great experience!,4,2026-03-18
Owner_25,Surname_25,user25@mail.com,"Street 475, Apt 60",69.89,Comfortable place,False,http://img.com/475.jpg,Interior view,2027-07-06,2027-07-08,Confirmed,842.6548069009317,Great experience!,4,2026-03-18
Owner_26,Surname_26,user26@mail.com,"Street 476, Apt 72",236.27,Comfortable place,True,http://img.com/476.jpg,Interior view,2027-07-07,2027-07-09,Confirmed,980.8262515155296,Great experience!,5,2026-03-18
Owner_27,Surname_27,user27@mail.com,"Street 477, Apt 51",165.65,Comfortable place,True,http://img.com/477.jpg,Interior view,2027-07-08,2027-07-10,Confirmed,605.883972912849,Great experience!,3,2026-03-18
Owner_28,Surname_28,user28@mail.com,"Street 478, Apt 42",378.99,Comfortable place,True,http://img.com/478.jpg,Interior view,2027-07-09,2027-07-11,Confirmed,896.3723981063498,Great experience!,4,2026-03-18
Owner_29,Surname_29,user29@mail.com,"Street 479, Apt 43",474.69,Comfortable place,False,http://img.com/479.jpg,Interior view,2027-07-10,2027-07-12,Confirmed,581.1938912709533,Great experience!,2,2026-03-18
Owner_30,Surname_30,user30@mail.com,"Street 480, Apt 34",199.36,Comfortable place,False,http://img.com/480.jpg,Interior view,2027-07-11,2027-07-13,Confirmed,186.52573116691102,Great experience!,5,2026-03-18
Owner_31,Surname_31,user31@mail.com,"Street 481, Apt 99",93.96,Comfortable place,True,http://img.com/481.jpg,Interior view,2027-07-12,2027-07-14,Confirmed,172.7188680815504,Great experience!,1,2026-03-18
Owner_32,Surname_32,user32@mail.com,"Street 482, Apt 11",384.99,Comfortable place,True,http://img.com/482.jpg,Interior view,2027-07-13,2027-07-15,Confirmed,887.0755239121231,Great experience!,4,2026-03-18
Owner_33,Surname_33,user33@mail.com,"Street 483, Apt 10",496.77,Comfortable place,False,http://img.com/483.jpg,Interior view,2027-07-14,2027-07-16,Confirmed,394.5728937617797,Great experience!,1,2026-03-18
Owner_34,Surname_34,user34@mail.com,"Street 484, Apt 97",176.14,Comfortable place,True,http://img.com/484.jpg,Interior view,2027-07-15,2027-07-17,Confirmed,505.48535871336276,Great experience!,5,2026-03-18
Owner_35,Surname_35,user35@mail.com,"Street 485, Apt 87",157.78,Comfortable place,False,http://img.com/485.jpg,Interior view,2027-07-16,2027-07-18,Confirmed,954.702231421564,Great experience!,3,2026-03-18
Owner_36,Surname_36,user36@mail.com,"Street 486, Apt 60",386.69,Comfortable place,False,http://img.com/486.jpg,Interior view,2027-07-17,2027-07-19,Confirmed,296.06634045568376,Great experience!,2,2026-03-18
Owner_37,Surname_37,user37@mail.com,"Street 487, Apt 67",376.52,Comfortable place,True,http://img.com/487.jpg,Interior view,2027-07-18,2027-07-20,Confirmed,522.4029484877155,Great experience!,1,2026-03-18
Owner_38,Surname_38,user38@mail.com,"Street 488, Apt 29",140.97,Comfortable place,False,http://img.com/488.jpg,Interior view,2027-07-19,2027-07-21,Confirmed,668.7247481125958,Great experience!,5,2026-03-18
Owner_39,Surname_39,user39@mail.com,"Street 489, Apt 73",409.52,Comfortable place,True,http://img.com/489.jpg,Interior view,2027-07-20,2027-07-22,Confirmed,107.12295582114282,Great experience!,5,2026-03-18
Owner_40,Surname_40,user40@mail.com,"Street 490, Apt 7",68.21,Comfortable place,False,http://img.com/490.jpg,Interior view,2027-07-21,2027-07-23,Confirmed,569.5823753196898,Great experience!,1,2026-03-18
Owner_41,Surname_41,user41@mail.com,"Street 491, Apt 38",359.53,Comfortable place,True,http://img.com/491.jpg,Interior view,2027-07-22,2027-07-24,Confirmed,516.9024756013176,Great experience!,3,2026-03-18
Owner_42,Surname_42,user42@mail.com,"Street 492, Apt 62",300.55,Comfortable place,True,http://img.com/492.jpg,Interior view,2027-07-23,2027-07-25,Confirmed,623.9232462176757,Great experience!,3,2026-03-18
Owner_43,Surname_43,user43@mail.com,"Street 493, Apt 64",435.31,Comfortable place,False,http://img.com/493.jpg,Interior view,2027-07-24,2027-07-26,Confirmed,724.595507984909,Great experience!,3,2026-03-18
Owner_44,Surname_44,user44@mail.com,"Street 494, Apt 18",64.92,Comfortable place,True,http://img.com/494.jpg,Interior view,2027-07-25,2027-07-27,Confirmed,503.8689550766868,Great experience!,3,2026-03-18
Owner_45,Surname_45,user45@mail.com,"Street 495, Apt 25",407.69,Comfortable place,False,http://img.com/495.jpg,Interior view,2027-07-26,2027-07-28,Confirmed,638.615764045905,Great experience!,1,2026-03-18
Owner_46,Surname_46,user46@mail.com,"Street 496, Apt 60",436.96,Comfortable place,True,http://img.com/496.jpg,Interior view,2027-07-27,2027-07-29,Confirmed,922.6647009237442,Great experience!,1,2026-03-18
Owner_47,Surname_47,user47@mail.com,"Street 497, Apt 90",298.83,Comfortable place,False,http://img.com/497.jpg,Interior view,2027-07-28,2027-07-30,Confirmed,476.8714981295884,Great experience!,5,2026-03-18
Owner_48,Surname_48,user48@mail.com,"Street 498, Apt 85",140.06,Comfortable place,True,http://img.com/498.jpg,Interior view,2027-07-29,2027-07-31,Confirmed,703.4140332044461,Great experience!,4,2026-03-18
Owner_49,Surname_49,user49@mail.com,"Street 499, Apt 47",201.92,Comfortable place,True,http://img.com/499.jpg,Interior view,2027-07-30,2027-08-01,Confirmed,606.0768374737343,Great experience!,4,2026-03-18
Owner_0,Surname_0,user0@mail.com,"Street 500, Apt 18",60.22,Comfortable place,False,http://img.com/500.jpg,Interior view,2027-07-31,2027-08-02,Confirmed,139.57101166742646,Great experience!,3,2026-03-18
Owner_1,Surname_1,user1@mail.com,"Street 501, Apt 97",486.93,Comfortable place,True,http://img.com/501.jpg,Interior view,2027-08-01,2027-08-03,Confirmed,995.9343973551249,Great experience!,1,2026-03-18
Owner_2,Surname_2,user2@mail.com,"Street 502, Apt 68",291.68,Comfortable place,True,http://img.com/502.jpg,Interior view,2027-08-02,2027-08-04,Confirmed,682.0287186104754,Great experience!,2,2026-03-18
Owner_3,Surname_3,user3@mail.com,"Street 503, Apt 47",50.8,Comfortable place,True,http://img.com/503.jpg,Interior view,2027-08-03,2027-08-05,Confirmed,655.3472582593859,Great experience!,2,2026-03-18
Owner_4,Surname_4,user4@mail.com,"Street 504, Apt 68",95.52,Comfortable place,False,http://img.com/504.jpg,Interior view,2027-08-04,2027-08-06,Confirmed,540.1085534502387,Great experience!,1,2026-03-18
Owner_5,Surname_5,user5@mail.com,"Street 505, Apt 88",226.76,Comfortable place,True,http://img.com/505.jpg,Interior view,2027-08-05,2027-08-07,Confirmed,230.04398702689264,Great experience!,5,2026-03-18
Owner_6,Surname_6,user6@mail.com,"Street 506, Apt 70",281.66,Comfortable place,False,http://img.com/506.jpg,Interior view,2027-08-06,2027-08-08,Confirmed,175.73872537960565,Great experience!,5,2026-03-18
Owner_7,Surname_7,user7@mail.com,"Street 507, Apt 49",75.79,Comfortable place,False,http://img.com/507.jpg,Interior view,2027-08-07,2027-08-09,Confirmed,589.8227032734258,Great experience!,2,2026-03-18
Owner_8,Surname_8,user8@mail.com,"Street 508, Apt 76",173.78,Comfortable place,True,http://img.com/508.jpg,Interior view,2027-08-08,2027-08-10,Confirmed,915.0839770463189,Great experience!,3,2026-03-18
Owner_9,Surname_9,user9@mail.com,"Street 509, Apt 45",488.56,Comfortable place,True,http://img.com/509.jpg,Interior view,2027-08-09,2027-08-11,Confirmed,302.7220483236864,Great experience!,1,2026-03-18
Owner_10,Surname_10,user10@mail.com,"Street 510, Apt 47",86.85,Comfortable place,True,http://img.com/510.jpg,Interior view,2027-08-10,2027-08-12,Confirmed,568.4388724141544,Great experience!,1,2026-03-18
Owner_11,Surname_11,user11@mail.com,"Street 511, Apt 50",384.13,Comfortable place,False,http://img.com/511.jpg,Interior view,2027-08-11,2027-08-13,Confirmed,546.7853963344317,Great experience!,3,2026-03-18
Owner_12,Surname_12,user12@mail.com,"Street 512, Apt 22",372.8,Comfortable place,False,http://img.com/512.jpg,Interior view,2027-08-12,2027-08-14,Confirmed,812.5860697232685,Great experience!,1,2026-03-18
Owner_13,Surname_13,user13@mail.com,"Street 513, Apt 6",219.4,Comfortable place,False,http://img.com/513.jpg,Interior view,2027-08-13,2027-08-15,Confirmed,861.757334090984,Great experience!,4,2026-03-18
Owner_14,Surname_14,user14@mail.com,"Street 514, Apt 31",86.63,Comfortable place,False,http://img.com/514.jpg,Interior view,2027-08-14,2027-08-16,Confirmed,176.056559704123,Great experience!,4,2026-03-18
Owner_15,Surname_15,user15@mail.com,"Street 515, Apt 25",312.01,Comfortable place,False,http://img.com/515.jpg,Interior view,2027-08-15,2027-08-17,Confirmed,378.8138212743692,Great experience!,5,2026-03-18
Owner_16,Surname_16,user16@mail.com,"Street 516, Apt 89",449.22,Comfortable place,True,http://img.com/516.jpg,Interior view,2027-08-16,2027-08-18,Confirmed,653.8018802450938,Great experience!,3,2026-03-18
Owner_17,Surname_17,user17@mail.com,"Street 517, Apt 7",103.74,Comfortable place,True,http://img.com/517.jpg,Interior view,2027-08-17,2027-08-19,Confirmed,981.5139318791453,Great experience!,5,2026-03-18
Owner_18,Surname_18,user18@mail.com,"Street 518, Apt 64",119.66,Comfortable place,False,http://img.com/518.jpg,Interior view,2027-08-18,2027-08-20,Confirmed,969.064421528356,Great experience!,3,2026-03-18
Owner_19,Surname_19,user19@mail.com,"Street 519, Apt 58",416.24,Comfortable place,False,http://img.com/519.jpg,Interior view,2027-08-19,2027-08-21,Confirmed,373.6369968220997,Great experience!,4,2026-03-18
Owner_20,Surname_20,user20@mail.com,"Street 520, Apt 31",276.74,Comfortable place,True,http://img.com/520.jpg,Interior view,2027-08-20,2027-08-22,Confirmed,253.07366160705206,Great experience!,5,2026-03-18
Owner_21,Surname_21,user21@mail.com,"Street 521, Apt 66",265.76,Comfortable place,True,http://img.com/521.jpg,Interior view,2027-08-21,2027-08-23,Confirmed,474.6992229589743,Great experience!,3,2026-03-18
Owner_22,Surname_22,user22@mail.com,"Street 522, Apt 67",308.82,Comfortable place,False,http://img.com/522.jpg,Interior view,2027-08-22,2027-08-24,Confirmed,704.2535261755268,Great experience!,3,2026-03-18
Owner_23,Surname_23,user23@mail.com,"Street 523, Apt 42",415.23,Comfortable place,True,http://img.com/523.jpg,Interior view,2027-08-23,2027-08-25,Confirmed,859.1704358102477,Great experience!,3,2026-03-18
Owner_24,Surname_24,user24@mail.com,"Street 524, Apt 3",424.97,Comfortable place,False,http://img.com/524.jpg,Interior view,2027-08-24,2027-08-26,Confirmed,216.3363998350623,Great experience!,2,2026-03-18
Owner_25,Surname_25,user25@mail.com,"Street 525, Apt 91",228.71,Comfortable place,False,http://img.com/525.jpg,Interior view,2027-08-25,2027-08-27,Confirmed,314.3156534317602,Great experience!,4,2026-03-18
Owner_26,Surname_26,user26@mail.com,"Street 526, Apt 21",354.41,Comfortable place,True,http://img.com/526.jpg,Interior view,2027-08-26,2027-08-28,Confirmed,503.69546675953313,Great experience!,2,2026-03-18
Owner_27,Surname_27,user27@mail.com,"Street 527, Apt 4",74.25,Comfortable place,False,http://img.com/527.jpg,Interior view,2027-08-27,2027-08-29,Confirmed,781.6066345871156,Great experience!,5,2026-03-18
Owner_28,Surname_28,user28@mail.com,"Street 528, Apt 58",256.56,Comfortable place,False,http://img.com/528.jpg,Interior view,2027-08-28,2027-08-30,Confirmed,394.47138519876694,Great experience!,3,2026-03-18
Owner_29,Surname_29,user29@mail.com,"Street 529, Apt 4",252.78,Comfortable place,True,http://img.com/529.jpg,Interior view,2027-08-29,2027-08-31,Confirmed,954.6945896431259,Great experience!,2,2026-03-18
Owner_30,Surname_30,user30@mail.com,"Street 530, Apt 42",112.31,Comfortable place,True,http://img.com/530.jpg,Interior view,2027-08-30,2027-09-01,Confirmed,493.6175821858863,Great experience!,5,2026-03-18
Owner_31,Surname_31,user31@mail.com,"Street 531, Apt 58",408.69,Comfortable place,False,http://img.com/531.jpg,Interior view,2027-08-31,2027-09-02,Confirmed,613.7839121070182,Great experience!,5,2026-03-18
Owner_32,Surname_32,user32@mail.com,"Street 532, Apt 11",175.87,Comfortable place,False,http://img.com/532.jpg,Interior view,2027-09-01,2027-09-03,Confirmed,804.157593285214,Great experience!,1,2026-03-18
Owner_33,Surname_33,user33@mail.com,"Street 533, Apt 76",87.57,Comfortable place,True,http://img.com/533.jpg,Interior view,2027-09-02,2027-09-04,Confirmed,381.76770021241856,Great experience!,3,2026-03-18
Owner_34,Surname_34,user34@mail.com,"Street 534, Apt 45",60.53,Comfortable place,True,http://img.com/534.jpg,Interior view,2027-09-03,2027-09-05,Confirmed,712.9091264595967,Great experience!,5,2026-03-18
Owner_35,Surname_35,user35@mail.com,"Street 535, Apt 27",346.57,Comfortable place,False,http://img.com/535.jpg,Interior view,2027-09-04,2027-09-06,Confirmed,172.89926575454123,Great experience!,3,2026-03-18
Owner_36,Surname_36,user36@mail.com,"Street 536, Apt 51",227.31,Comfortable place,True,http://img.com/536.jpg,Interior view,2027-09-05,2027-09-07,Confirmed,116.96112754928843,Great experience!,3,2026-03-18
Owner_37,Surname_37,user37@mail.com,"Street 537, Apt 28",164.26,Comfortable place,False,http://img.com/537.jpg,Interior view,2027-09-06,2027-09-08,Confirmed,264.39748810917956,Great experience!,1,2026-03-18
Owner_38,Surname_38,user38@mail.com,"Street 538, Apt 62",164.59,Comfortable place,False,http://img.com/538.jpg,Interior view,2027-09-07,2027-09-09,Confirmed,301.94281073212153,Great experience!,5,2026-03-18
Owner_39,Surname_39,user39@mail.com,"Street 539, Apt 13",62.58,Comfortable place,True,http://img.com/539.jpg,Interior view,2027-09-08,2027-09-10,Confirmed,965.960172129497,Great experience!,3,2026-03-18
Owner_40,Surname_40,user40@mail.com,"Street 540, Apt 59",220.48,Comfortable place,True,http://img.com/540.jpg,Interior view,2027-09-09,2027-09-11,Confirmed,536.4037733591982,Great experience!,4,2026-03-18
Owner_41,Surname_41,user41@mail.com,"Street 541, Apt 43",195.37,Comfortable place,True,http://img.com/541.jpg,Interior view,2027-09-10,2027-09-12,Confirmed,846.1428836966176,Great experience!,4,2026-03-18
Owner_42,Surname_42,user42@mail.com,"Street 542, Apt 75",427.93,Comfortable place,False,http://img.com/542.jpg,Interior view,2027-09-11,2027-09-13,Confirmed,977.4146536241778,Great experience!,3,2026-03-18
Owner_43,Surname_43,user43@mail.com,"Street 543, Apt 87",172.52,Comfortable place,False,http://img.com/543.jpg,Interior view,2027-09-12,2027-09-14,Confirmed,125.8441388034271,Great experience!,1,2026-03-18
Owner_44,Surname_44,user44@mail.com,"Street 544, Apt 5",234.72,Comfortable place,True,http://img.com/544.jpg,Interior view,2027-09-13,2027-09-15,Confirmed,246.78639986778728,Great experience!,4,2026-03-18
Owner_45,Surname_45,user45@mail.com,"Street 545, Apt 98",290.07,Comfortable place,False,http://img.com/545.jpg,Interior view,2027-09-14,2027-09-16,Confirmed,482.16143783444744,Great experience!,1,2026-03-18
Owner_46,Surname_46,user46@mail.com,"Street 546, Apt 25",231.2,Comfortable place,True,http://img.com/546.jpg,Interior view,2027-09-15,2027-09-17,Confirmed,262.3837445450996,Great experience!,1,2026-03-18
Owner_47,Surname_47,user47@mail.com,"Street 547, Apt 31",388.21,Comfortable place,True,http://img.com/547.jpg,Interior view,2027-09-16,2027-09-18,Confirmed,661.8360135707162,Great experience!,3,2026-03-18
Owner_48,Surname_48,user48@mail.com,"Street 548, Apt 37",358.9,Comfortable place,False,http://img.com/548.jpg,Interior view,2027-09-17,2027-09-19,Confirmed,356.3695761663183,Great experience!,2,2026-03-18
Owner_49,Surname_49,user49@mail.com,"Street 549, Apt 82",322.87,Comfortable place,False,http://img.com/549.jpg,Interior view,2027-09-18,2027-09-20,Confirmed,694.1118000751931,Great experience!,3,2026-03-18
Owner_0,Surname_0,user0@mail.com,"Street 550, Apt 73",313.51,Comfortable place,False,http://img.com/550.jpg,Interior view,2027-09-19,2027-09-21,Confirmed,180.13725059631582,Great experience!,3,2026-03-18
Owner_1,Surname_1,user1@mail.com,"Street 551, Apt 30",185.55,Comfortable place,True,http://img.com/551.jpg,Interior view,2027-09-20,2027-09-22,Confirmed,112.58971545568963,Great experience!,5,2026-03-18
Owner_2,Surname_2,user2@mail.com,"Street 552, Apt 64",484.17,Comfortable place,False,http://img.com/552.jpg,Interior view,2027-09-21,2027-09-23,Confirmed,262.7755123640371,Great experience!,1,2026-03-18
Owner_3,Surname_3,user3@mail.com,"Street 553, Apt 80",470.6,Comfortable place,False,http://img.com/553.jpg,Interior view,2027-09-22,2027-09-24,Confirmed,151.09321159517486,Great experience!,5,2026-03-18
Owner_4,Surname_4,user4@mail.com,"Street 554, Apt 26",150.35,Comfortable place,True,http://img.com/554.jpg,Interior view,2027-09-23,2027-09-25,Confirmed,450.1465557665702,Great experience!,4,2026-03-18
Owner_5,Surname_5,user5@mail.com,"Street 555, Apt 22",434.18,Comfortable place,False,http://img.com/555.jpg,Interior view,2027-09-24,2027-09-26,Confirmed,424.86314078519604,Great experience!,5,2026-03-18
Owner_6,Surname_6,user6@mail.com,"Street 556, Apt 23",263.48,Comfortable place,True,http://img.com/556.jpg,Interior view,2027-09-25,2027-09-27,Confirmed,345.7407127683508,Great experience!,2,2026-03-18
Owner_7,Surname_7,user7@mail.com,"Street 557, Apt 89",163.97,Comfortable place,False,http://img.com/557.jpg,Interior view,2027-09-26,2027-09-28,Confirmed,819.7344715655411,Great experience!,1,2026-03-18
Owner_8,Surname_8,user8@mail.com,"Street 558, Apt 84",335.48,Comfortable place,False,http://img.com/558.jpg,Interior view,2027-09-27,2027-09-29,Confirmed,901.2812383615753,Great experience!,2,2026-03-18
Owner_9,Surname_9,user9@mail.com,"Street 559, Apt 54",207.26,Comfortable place,False,http://img.com/559.jpg,Interior view,2027-09-28,2027-09-30,Confirmed,966.6573293923486,Great experience!,2,2026-03-18
Owner_10,Surname_10,user10@mail.com,"Street 560, Apt 10",114.95,Comfortable place,False,http://img.com/560.jpg,Interior view,2027-09-29,2027-10-01,Confirmed,321.4099399383599,Great experience!,1,2026-03-18
Owner_11,Surname_11,user11@mail.com,"Street 561, Apt 88",409.77,Comfortable place,True,http://img.com/561.jpg,Interior view,2027-09-30,2027-10-02,Confirmed,604.352061362966,Great experience!,5,2026-03-18
Owner_12,Surname_12,user12@mail.com,"Street 562, Apt 71",451.27,Comfortable place,True,http://img.com/562.jpg,Interior view,2027-10-01,2027-10-03,Confirmed,993.4279932750591,Great experience!,1,2026-03-18
Owner_13,Surname_13,user13@mail.com,"Street 563, Apt 40",226.92,Comfortable place,False,http://img.com/563.jpg,Interior view,2027-10-02,2027-10-04,Confirmed,409.0116766102868,Great experience!,2,2026-03-18
Owner_14,Surname_14,user14@mail.com,"Street 564, Apt 24",385.97,Comfortable place,False,http://img.com/564.jpg,Interior view,2027-10-03,2027-10-05,Confirmed,163.7441241043888,Great experience!,1,2026-03-18
Owner_15,Surname_15,user15@mail.com,"Street 565, Apt 44",198.48,Comfortable place,False,http://img.com/565.jpg,Interior view,2027-10-04,2027-10-06,Confirmed,414.4882174177872,Great experience!,2,2026-03-18
Owner_16,Surname_16,user16@mail.com,"Street 566, Apt 13",53.12,Comfortable place,True,http://img.com/566.jpg,Interior view,2027-10-05,2027-10-07,Confirmed,257.8045113674575,Great experience!,5,2026-03-18
Owner_17,Surname_17,user17@mail.com,"Street 567, Apt 61",145.28,Comfortable place,True,http://img.com/567.jpg,Interior view,2027-10-06,2027-10-08,Confirmed,140.1948838091521,Great experience!,4,2026-03-18
Owner_18,Surname_18,user18@mail.com,"Street 568, Apt 16",173.9,Comfortable place,True,http://img.com/568.jpg,Interior view,2027-10-07,2027-10-09,Confirmed,100.85376520191632,Great experience!,3,2026-03-18
Owner_19,Surname_19,user19@mail.com,"Street 569, Apt 56",359.51,Comfortable place,False,http://img.com/569.jpg,Interior view,2027-10-08,2027-10-10,Confirmed,770.0849109354156,Great experience!,1,2026-03-18
Owner_20,Surname_20,user20@mail.com,"Street 570, Apt 34",335.06,Comfortable place,False,http://img.com/570.jpg,Interior view,2027-10-09,2027-10-11,Confirmed,640.4933468715379,Great experience!,1,2026-03-18
Owner_21,Surname_21,user21@mail.com,"Street 571, Apt 66",392.34,Comfortable place,False,http://img.com/571.jpg,Interior view,2027-10-10,2027-10-12,Confirmed,930.3130484111757,Great experience!,5,2026-03-18
Owner_22,Surname_22,user22@mail.com,"Street 572, Apt 10",379.33,Comfortable place,True,http://img.com/572.jpg,Interior view,2027-10-11,2027-10-13,Confirmed,580.925142415897,Great experience!,5,2026-03-18
Owner_23,Surname_23,user23@mail.com,"Street 573, Apt 30",298.29,Comfortable place,True,http://img.com/573.jpg,Interior view,2027-10-12,2027-10-14,Confirmed,752.0379124920831,Great experience!,5,2026-03-18
Owner_24,Surname_24,user24@mail.com,"Street 574, Apt 42",245.93,Comfortable place,True,http://img.com/574.jpg,Interior view,2027-10-13,2027-10-15,Confirmed,616.0477793100252,Great experience!,4,2026-03-18
Owner_25,Surname_25,user25@mail.com,"Street 575, Apt 66",396.27,Comfortable place,False,http://img.com/575.jpg,Interior view,2027-10-14,2027-10-16,Confirmed,319.76678207313495,Great experience!,4,2026-03-18
Owner_26,Surname_26,user26@mail.com,"Street 576, Apt 77",387.12,Comfortable place,True,http://img.com/576.jpg,Interior view,2027-10-15,2027-10-17,Confirmed,898.913570717022,Great experience!,3,2026-03-18
Owner_27,Surname_27,user27@mail.com,"Street 577, Apt 61",64.58,Comfortable place,False,http://img.com/577.jpg,Interior view,2027-10-16,2027-10-18,Confirmed,279.22758857444967,Great experience!,2,2026-03-18
Owner_28,Surname_28,user28@mail.com,"Street 578, Apt 47",120.84,Comfortable place,True,http://img.com/578.jpg,Interior view,2027-10-17,2027-10-19,Confirmed,958.7063352178702,Great experience!,4,2026-03-18
Owner_29,Surname_29,user29@mail.com,"Street 579, Apt 85",94.58,Comfortable place,True,http://img.com/579.jpg,Interior view,2027-10-18,2027-10-20,Confirmed,681.5619166166084,Great experience!,3,2026-03-18
Owner_30,Surname_30,user30@mail.com,"Street 580, Apt 2",286.36,Comfortable place,False,http://img.com/580.jpg,Interior view,2027-10-19,2027-10-21,Confirmed,293.711304896,Great experience!,3,2026-03-18
Owner_31,Surname_31,user31@mail.com,"Street 581, Apt 78",141.1,Comfortable place,True,http://img.com/581.jpg,Interior view,2027-10-20,2027-10-22,Confirmed,552.7992993066553,Great experience!,4,2026-03-18
Owner_32,Surname_32,user32@mail.com,"Street 582, Apt 1",175.28,Comfortable place,True,http://img.com/582.jpg,Interior view,2027-10-21,2027-10-23,Confirmed,449.77890952379965,Great experience!,5,2026-03-18
Owner_33,Surname_33,user33@mail.com,"Street 583, Apt 53",107.47,Comfortable place,False,http://img.com/583.jpg,Interior view,2027-10-22,2027-10-24,Confirmed,679.812143507152,Great experience!,2,2026-03-18
Owner_34,Surname_34,user34@mail.com,"Street 584, Apt 77",346.09,Comfortable place,False,http://img.com/584.jpg,Interior view,2027-10-23,2027-10-25,Confirmed,884.3552168557453,Great experience!,3,2026-03-18
Owner_35,Surname_35,user35@mail.com,"Street 585, Apt 31",280.81,Comfortable place,True,http://img.com/585.jpg,Interior view,2027-10-24,2027-10-26,Confirmed,647.3419427852464,Great experience!,2,2026-03-18
Owner_36,Surname_36,user36@mail.com,"Street 586, Apt 53",333.01,Comfortable place,True,http://img.com/586.jpg,Interior view,2027-10-25,2027-10-27,Confirmed,787.4774703394673,Great experience!,4,2026-03-18
Owner_37,Surname_37,user37@mail.com,"Street 587, Apt 63",197.81,Comfortable place,False,http://img.com/587.jpg,Interior view,2027-10-26,2027-10-28,Confirmed,634.1200505798042,Great experience!,5,2026-03-18
Owner_38,Surname_38,user38@mail.com,"Street 588, Apt 97",197.25,Comfortable place,True,http://img.com/588.jpg,Interior view,2027-10-27,2027-10-29,Confirmed,579.0599290233665,Great experience!,4,2026-03-18
Owner_39,Surname_39,user39@mail.com,"Street 589, Apt 38",297.51,Comfortable place,False,http://img.com/589.jpg,Interior view,2027-10-28,2027-10-30,Confirmed,449.13000096422286,Great experience!,5,2026-03-18
Owner_40,Surname_40,user40@mail.com,"Street 590, Apt 50",389.88,Comfortable place,False,http://img.com/590.jpg,Interior view,2027-10-29,2027-10-31,Confirmed,762.3192080048119,Great experience!,5,2026-03-18
Owner_41,Surname_41,user41@mail.com,"Street 591, Apt 16",235.71,Comfortable place,True,http://img.com/591.jpg,Interior view,2027-10-30,2027-11-01,Confirmed,116.38117358589295,Great experience!,5,2026-03-18
Owner_42,Surname_42,user42@mail.com,"Street 592, Apt 91",81.5,Comfortable place,False,http://img.com/592.jpg,Interior view,2027-10-31,2027-11-02,Confirmed,886.7014532101146,Great experience!,5,2026-03-18
Owner_43,Surname_43,user43@mail.com,"Street 593, Apt 70",426.65,Comfortable place,True,http://img.com/593.jpg,Interior view,2027-11-01,2027-11-03,Confirmed,876.4394557488649,Great experience!,3,2026-03-18
Owner_44,Surname_44,user44@mail.com,"Street 594, Apt 67",267.0,Comfortable place,True,http://img.com/594.jpg,Interior view,2027-11-02,2027-11-04,Confirmed,374.28996842375847,Great experience!,1,2026-03-18
Owner_45,Surname_45,user45@mail.com,"Street 595, Apt 50",287.74,Comfortable place,True,http://img.com/595.jpg,Interior view,2027-11-03,2027-11-05,Confirmed,555.0654241768347,Great experience!,3,2026-03-18
Owner_46,Surname_46,user46@mail.com,"Street 596, Apt 55",63.24,Comfortable place,True,http://img.com/596.jpg,Interior view,2027-11-04,2027-11-06,Confirmed,990.0425354547301,Great experience!,3,2026-03-18
Owner_47,Surname_47,user47@mail.com,"Street 597, Apt 68",169.59,Comfortable place,False,http://img.com/597.jpg,Interior view,2027-11-05,2027-11-07,Confirmed,733.3472999706,Great experience!,4,2026-03-18
Owner_48,Surname_48,user48@mail.com,"Street 598, Apt 99",300.26,Comfortable place,True,http://img.com/598.jpg,Interior view,2027-11-06,2027-11-08,Confirmed,400.6828419938039,Great experience!,3,2026-03-18
Owner_49,Surname_49,user49@mail.com,"Street 599, Apt 55",454.11,Comfortable place,False,http://img.com/599.jpg,Interior view,2027-11-07,2027-11-09,Confirmed,777.0437401622813,Great experience!,3,2026-03-18
Owner_0,Surname_0,user0@mail.com,"Street 600, Apt 42",415.86,Comfortable place,True,http://img.com/600.jpg,Interior view,2027-11-08,2027-11-10,Confirmed,947.1991767657638,Great experience!,4,2026-03-18
Owner_1,Surname_1,user1@mail.com,"Street 601, Apt 71",483.32,Comfortable place,False,http://img.com/601.jpg,Interior view,2027-11-09,2027-11-11,Confirmed,631.0325371357045,Great experience!,1,2026-03-18
Owner_2,Surname_2,user2@mail.com,"Street 602, Apt 58",324.5,Comfortable place,False,http://img.com/602.jpg,Interior view,2027-11-10,2027-11-12,Confirmed,199.6025947028349,Great experience!,4,2026-03-18
Owner_3,Surname_3,user3@mail.com,"Street 603, Apt 9",242.64,Comfortable place,True,http://img.com/603.jpg,Interior view,2027-11-11,2027-11-13,Confirmed,246.2940413198607,Great experience!,5,2026-03-18
Owner_4,Surname_4,user4@mail.com,"Street 604, Apt 90",311.6,Comfortable place,True,http://img.com/604.jpg,Interior view,2027-11-12,2027-11-14,Confirmed,922.1348428374885,Great experience!,2,2026-03-18
Owner_5,Surname_5,user5@mail.com,"Street 605, Apt 49",454.82,Comfortable place,False,http://img.com/605.jpg,Interior view,2027-11-13,2027-11-15,Confirmed,464.388598557059,Great experience!,1,2026-03-18
Owner_6,Surname_6,user6@mail.com,"Street 606, Apt 72",125.32,Comfortable place,False,http://img.com/606.jpg,Interior view,2027-11-14,2027-11-16,Confirmed,825.8311296172778,Great experience!,4,2026-03-18
Owner_7,Surname_7,user7@mail.com,"Street 607, Apt 74",346.55,Comfortable place,True,http://img.com/607.jpg,Interior view,2027-11-15,2027-11-17,Confirmed,378.2054460198864,Great experience!,2,2026-03-18
Owner_8,Surname_8,user8@mail.com,"Street 608, Apt 83",493.03,Comfortable place,False,http://img.com/608.jpg,Interior view,2027-11-16,2027-11-18,Confirmed,420.649950561005,Great experience!,1,2026-03-18
Owner_9,Surname_9,user9@mail.com,"Street 609, Apt 22",351.18,Comfortable place,True,http://img.com/609.jpg,Interior view,2027-11-17,2027-11-19,Confirmed,725.9897492826426,Great experience!,4,2026-03-18
Owner_10,Surname_10,user10@mail.com,"Street 610, Apt 45",385.22,Comfortable place,True,http://img.com/610.jpg,Interior view,2027-11-18,2027-11-20,Confirmed,548.7381018477145,Great experience!,1,2026-03-18
Owner_11,Surname_11,user11@mail.com,"Street 611, Apt 8",175.14,Comfortable place,True,http://img.com/611.jpg,Interior view,2027-11-19,2027-11-21,Confirmed,948.9740380556643,Great experience!,2,2026-03-18
Owner_12,Surname_12,user12@mail.com,"Street 612, Apt 30",456.51,Comfortable place,False,http://img.com/612.jpg,Interior view,2027-11-20,2027-11-22,Confirmed,240.16484562983612,Great experience!,5,2026-03-18
Owner_13,Surname_13,user13@mail.com,"Street 613, Apt 69",135.09,Comfortable place,True,http://img.com/613.jpg,Interior view,2027-11-21,2027-11-23,Confirmed,422.1325559571476,Great experience!,5,2026-03-18
Owner_14,Surname_14,user14@mail.com,"Street 614, Apt 34",202.44,Comfortable place,True,http://img.com/614.jpg,Interior view,2027-11-22,2027-11-24,Confirmed,255.3773202635416,Great experience!,3,2026-03-18
Owner_15,Surname_15,user15@mail.com,"Street 615, Apt 28",169.12,Comfortable place,True,http://img.com/615.jpg,Interior view,2027-11-23,2027-11-25,Confirmed,120.30834603848052,Great experience!,1,2026-03-18
Owner_16,Surname_16,user16@mail.com,"Street 616, Apt 16",341.63,Comfortable place,False,http://img.com/616.jpg,Interior view,2027-11-24,2027-11-26,Confirmed,564.4139626495016,Great experience!,3,2026-03-18
Owner_17,Surname_17,user17@mail.com,"Street 617, Apt 17",489.23,Comfortable place,False,http://img.com/617.jpg,Interior view,2027-11-25,2027-11-27,Confirmed,695.6583050774133,Great experience!,2,2026-03-18
Owner_18,Surname_18,user18@mail.com,"Street 618, Apt 24",281.88,Comfortable place,False,http://img.com/618.jpg,Interior view,2027-11-26,2027-11-28,Confirmed,797.7058968772443,Great experience!,1,2026-03-18
Owner_19,Surname_19,user19@mail.com,"Street 619, Apt 100",126.15,Comfortable place,True,http://img.com/619.jpg,Interior view,2027-11-27,2027-11-29,Confirmed,868.8303362331824,Great experience!,4,2026-03-18
Owner_20,Surname_20,user20@mail.com,"Street 620, Apt 51",367.94,Comfortable place,False,http://img.com/620.jpg,Interior view,2027-11-28,2027-11-30,Confirmed,128.93579788382772,Great experience!,4,2026-03-18
Owner_21,Surname_21,user21@mail.com,"Street 621, Apt 74",441.53,Comfortable place,True,http://img.com/621.jpg,Interior view,2027-11-29,2027-12-01,Confirmed,903.9983929791748,Great experience!,5,2026-03-18
Owner_22,Surname_22,user22@mail.com,"Street 622, Apt 10",197.52,Comfortable place,True,http://img.com/622.jpg,Interior view,2027-11-30,2027-12-02,Confirmed,307.54292289600437,Great experience!,4,2026-03-18
Owner_23,Surname_23,user23@mail.com,"Street 623, Apt 61",304.01,Comfortable place,True,http://img.com/623.jpg,Interior view,2027-12-01,2027-12-03,Confirmed,492.7878430491458,Great experience!,3,2026-03-18
Owner_24,Surname_24,user24@mail.com,"Street 624, Apt 19",301.25,Comfortable place,False,http://img.com/624.jpg,Interior view,2027-12-02,2027-12-04,Confirmed,966.8319443707655,Great experience!,4,2026-03-18
Owner_25,Surname_25,user25@mail.com,"Street 625, Apt 49",129.19,Comfortable place,True,http://img.com/625.jpg,Interior view,2027-12-03,2027-12-05,Confirmed,919.3256354129317,Great experience!,4,2026-03-18
Owner_26,Surname_26,user26@mail.com,"Street 626, Apt 87",137.31,Comfortable place,True,http://img.com/626.jpg,Interior view,2027-12-04,2027-12-06,Confirmed,327.00895408078094,Great experience!,4,2026-03-18
Owner_27,Surname_27,user27@mail.com,"Street 627, Apt 49",382.93,Comfortable place,True,http://img.com/627.jpg,Interior view,2027-12-05,2027-12-07,Confirmed,959.8295603693085,Great experience!,5,2026-03-18
Owner_28,Surname_28,user28@mail.com,"Street 628, Apt 63",391.15,Comfortable place,False,http://img.com/628.jpg,Interior view,2027-12-06,2027-12-08,Confirmed,690.7473019612564,Great experience!,4,2026-03-18
Owner_29,Surname_29,user29@mail.com,"Street 629, Apt 6",438.69,Comfortable place,True,http://img.com/629.jpg,Interior view,2027-12-07,2027-12-09,Confirmed,547.7650185568807,Great experience!,4,2026-03-18
Owner_30,Surname_30,user30@mail.com,"Street 630, Apt 82",445.83,Comfortable place,True,http://img.com/630.jpg,Interior view,2027-12-08,2027-12-10,Confirmed,804.6080055342925,Great experience!,4,2026-03-18
Owner_31,Surname_31,user31@mail.com,"Street 631, Apt 99",431.75,Comfortable place,False,http://img.com/631.jpg,Interior view,2027-12-09,2027-12-11,Confirmed,665.8772525136532,Great experience!,5,2026-03-18
Owner_32,Surname_32,user32@mail.com,"Street 632, Apt 10",299.54,Comfortable place,False,http://img.com/632.jpg,Interior view,2027-12-10,2027-12-12,Confirmed,975.0819221659418,Great experience!,2,2026-03-18
Owner_33,Surname_33,user33@mail.com,"Street 633, Apt 7",232.27,Comfortable place,True,http://img.com/633.jpg,Interior view,2027-12-11,2027-12-13,Confirmed,216.05982606085576,Great experience!,1,2026-03-18
Owner_34,Surname_34,user34@mail.com,"Street 634, Apt 41",486.48,Comfortable place,False,http://img.com/634.jpg,Interior view,2027-12-12,2027-12-14,Confirmed,119.56398359623023,Great experience!,1,2026-03-18
Owner_35,Surname_35,user35@mail.com,"Street 635, Apt 94",55.05,Comfortable place,True,http://img.com/635.jpg,Interior view,2027-12-13,2027-12-15,Confirmed,810.0895599996992,Great experience!,4,2026-03-18
Owner_36,Surname_36,user36@mail.com,"Street 636, Apt 87",297.47,Comfortable place,False,http://img.com/636.jpg,Interior view,2027-12-14,2027-12-16,Confirmed,142.7435214612641,Great experience!,1,2026-03-18
Owner_37,Surname_37,user37@mail.com,"Street 637, Apt 11",112.31,Comfortable place,True,http://img.com/637.jpg,Interior view,2027-12-15,2027-12-17,Confirmed,327.51716297493095,Great experience!,1,2026-03-18
Owner_38,Surname_38,user38@mail.com,"Street 638, Apt 9",463.28,Comfortable place,False,http://img.com/638.jpg,Interior view,2027-12-16,2027-12-18,Confirmed,150.71566471414855,Great experience!,4,2026-03-18
Owner_39,Surname_39,user39@mail.com,"Street 639, Apt 21",120.33,Comfortable place,True,http://img.com/639.jpg,Interior view,2027-12-17,2027-12-19,Confirmed,597.7055261075312,Great experience!,3,2026-03-18
Owner_40,Surname_40,user40@mail.com,"Street 640, Apt 9",397.86,Comfortable place,True,http://img.com/640.jpg,Interior view,2027-12-18,2027-12-20,Confirmed,152.79453576819753,Great experience!,1,2026-03-18
Owner_41,Surname_41,user41@mail.com,"Street 641, Apt 70",336.87,Comfortable place,True,http://img.com/641.jpg,Interior view,2027-12-19,2027-12-21,Confirmed,629.1646445864649,Great experience!,2,2026-03-18
Owner_42,Surname_42,user42@mail.com,"Street 642, Apt 70",209.53,Comfortable place,True,http://img.com/642.jpg,Interior view,2027-12-20,2027-12-22,Confirmed,626.5322015229624,Great experience!,4,2026-03-18
Owner_43,Surname_43,user43@mail.com,"Street 643, Apt 91",376.83,Comfortable place,True,http://img.com/643.jpg,Interior view,2027-12-21,2027-12-23,Confirmed,962.4918662673389,Great experience!,4,2026-03-18
Owner_44,Surname_44,user44@mail.com,"Street 644, Apt 9",234.8,Comfortable place,True,http://img.com/644.jpg,Interior view,2027-12-22,2027-12-24,Confirmed,929.3868409637106,Great experience!,3,2026-03-18
Owner_45,Surname_45,user45@mail.com,"Street 645, Apt 49",137.12,Comfortable place,False,http://img.com/645.jpg,Interior view,2027-12-23,2027-12-25,Confirmed,723.8241468372553,Great experience!,4,2026-03-18
Owner_46,Surname_46,user46@mail.com,"Street 646, Apt 77",449.96,Comfortable place,True,http://img.com/646.jpg,Interior view,2027-12-24,2027-12-26,Confirmed,351.6039359013084,Great experience!,3,2026-03-18
Owner_47,Surname_47,user47@mail.com,"Street 647, Apt 66",379.68,Comfortable place,True,http://img.com/647.jpg,Interior view,2027-12-25,2027-12-27,Confirmed,658.6942709095144,Great experience!,1,2026-03-18
Owner_48,Surname_48,user48@mail.com,"Street 648, Apt 86",87.58,Comfortable place,True,http://img.com/648.jpg,Interior view,2027-12-26,2027-12-28,Confirmed,756.1164361976226,Great experience!,4,2026-03-18
Owner_49,Surname_49,user49@mail.com,"Street 649, Apt 4",180.9,Comfortable place,False,http://img.com/649.jpg,Interior view,2027-12-27,2027-12-29,Confirmed,613.112419826717,Great experience!,5,2026-03-18
Owner_0,Surname_0,user0@mail.com,"Street 650, Apt 49",483.71,Comfortable place,False,http://img.com/650.jpg,Interior view,2027-12-28,2027-12-30,Confirmed,790.975103078668,Great experience!,4,2026-03-18
Owner_1,Surname_1,user1@mail.com,"Street 651, Apt 74",376.17,Comfortable place,False,http://img.com/651.jpg,Interior view,2027-12-29,2027-12-31,Confirmed,765.8232071502047,Great experience!,4,2026-03-18
Owner_2,Surname_2,user2@mail.com,"Street 652, Apt 61",212.62,Comfortable place,True,http://img.com/652.jpg,Interior view,2027-12-30,2028-01-01,Confirmed,886.0599240477558,Great experience!,5,2026-03-18
Owner_3,Surname_3,user3@mail.com,"Street 653, Apt 84",336.74,Comfortable place,False,http://img.com/653.jpg,Interior view,2027-12-31,2028-01-02,Confirmed,784.9026701240457,Great experience!,3,2026-03-18
Owner_4,Surname_4,user4@mail.com,"Street 654, Apt 76",371.48,Comfortable place,False,http://img.com/654.jpg,Interior view,2028-01-01,2028-01-03,Confirmed,736.9240010070804,Great experience!,3,2026-03-18
Owner_5,Surname_5,user5@mail.com,"Street 655, Apt 37",481.55,Comfortable place,True,http://img.com/655.jpg,Interior view,2028-01-02,2028-01-04,Confirmed,790.3873772037938,Great experience!,4,2026-03-18
Owner_6,Surname_6,user6@mail.com,"Street 656, Apt 79",290.4,Comfortable place,True,http://img.com/656.jpg,Interior view,2028-01-03,2028-01-05,Confirmed,914.058345545103,Great experience!,3,2026-03-18
Owner_7,Surname_7,user7@mail.com,"Street 657, Apt 75",133.1,Comfortable place,False,http://img.com/657.jpg,Interior view,2028-01-04,2028-01-06,Confirmed,141.01077218024284,Great experience!,1,2026-03-18
Owner_8,Surname_8,user8@mail.com,"Street 658, Apt 63",438.33,Comfortable place,False,http://img.com/658.jpg,Interior view,2028-01-05,2028-01-07,Confirmed,135.82889040783596,Great experience!,2,2026-03-18
Owner_9,Surname_9,user9@mail.com,"Street 659, Apt 95",349.79,Comfortable place,False,http://img.com/659.jpg,Interior view,2028-01-06,2028-01-08,Confirmed,157.7517206239102,Great experience!,1,2026-03-18
Owner_10,Surname_10,user10@mail.com,"Street 660, Apt 86",338.56,Comfortable place,True,http://img.com/660.jpg,Interior view,2028-01-07,2028-01-09,Confirmed,315.21635942445425,Great experience!,2,2026-03-18
Owner_11,Surname_11,user11@mail.com,"Street 661, Apt 15",404.86,Comfortable place,True,http://img.com/661.jpg,Interior view,2028-01-08,2028-01-10,Confirmed,631.3654557878613,Great experience!,1,2026-03-18
Owner_12,Surname_12,user12@mail.com,"Street 662, Apt 14",457.06,Comfortable place,False,http://img.com/662.jpg,Interior view,2028-01-09,2028-01-11,Confirmed,207.2276514881939,Great experience!,2,2026-03-18
Owner_13,Surname_13,user13@mail.com,"Street 663, Apt 42",477.74,Comfortable place,False,http://img.com/663.jpg,Interior view,2028-01-10,2028-01-12,Confirmed,922.6676480336948,Great experience!,4,2026-03-18
Owner_14,Surname_14,user14@mail.com,"Street 664, Apt 48",257.96,Comfortable place,True,http://img.com/664.jpg,Interior view,2028-01-11,2028-01-13,Confirmed,146.89316460239397,Great experience!,5,2026-03-18
Owner_15,Surname_15,user15@mail.com,"Street 665, Apt 10",273.59,Comfortable place,False,http://img.com/665.jpg,Interior view,2028-01-12,2028-01-14,Confirmed,207.75423563958873,Great experience!,2,2026-03-18
Owner_16,Surname_16,user16@mail.com,"Street 666, Apt 85",250.23,Comfortable place,False,http://img.com/666.jpg,Interior view,2028-01-13,2028-01-15,Confirmed,401.15952614195555,Great experience!,1,2026-03-18
Owner_17,Surname_17,user17@mail.com,"Street 667, Apt 65",112.93,Comfortable place,False,http://img.com/667.jpg,Interior view,2028-01-14,2028-01-16,Confirmed,889.2787351643819,Great experience!,2,2026-03-18
Owner_18,Surname_18,user18@mail.com,"Street 668, Apt 1",283.55,Comfortable place,False,http://img.com/668.jpg,Interior view,2028-01-15,2028-01-17,Confirmed,178.67559225887305,Great experience!,4,2026-03-18
Owner_19,Surname_19,user19@mail.com,"Street 669, Apt 72",280.72,Comfortable place,False,http://img.com/669.jpg,Interior view,2028-01-16,2028-01-18,Confirmed,358.1493625756795,Great experience!,5,2026-03-18
Owner_20,Surname_20,user20@mail.com,"Street 670, Apt 91",496.07,Comfortable place,True,http://img.com/670.jpg,Interior view,2028-01-17,2028-01-19,Confirmed,767.5536190675805,Great experience!,5,2026-03-18
Owner_21,Surname_21,user21@mail.com,"Street 671, Apt 31",273.84,Comfortable place,False,http://img.com/671.jpg,Interior view,2028-01-18,2028-01-20,Confirmed,782.4825364407366,Great experience!,2,2026-03-18
Owner_22,Surname_22,user22@mail.com,"Street 672, Apt 77",360.09,Comfortable place,True,http://img.com/672.jpg,Interior view,2028-01-19,2028-01-21,Confirmed,662.3118309547996,Great experience!,2,2026-03-18
Owner_23,Surname_23,user23@mail.com,"Street 673, Apt 98",71.43,Comfortable place,False,http://img.com/673.jpg,Interior view,2028-01-20,2028-01-22,Confirmed,792.9002915065516,Great experience!,2,2026-03-18
Owner_24,Surname_24,user24@mail.com,"Street 674, Apt 15",366.45,Comfortable place,False,http://img.com/674.jpg,Interior view,2028-01-21,2028-01-23,Confirmed,215.60148733728664,Great experience!,2,2026-03-18
Owner_25,Surname_25,user25@mail.com,"Street 675, Apt 90",471.65,Comfortable place,True,http://img.com/675.jpg,Interior view,2028-01-22,2028-01-24,Confirmed,588.0171870555268,Great experience!,2,2026-03-18
Owner_26,Surname_26,user26@mail.com,"Street 676, Apt 4",56.76,Comfortable place,True,http://img.com/676.jpg,Interior view,2028-01-23,2028-01-25,Confirmed,911.5190115529576,Great experience!,3,2026-03-18
Owner_27,Surname_27,user27@mail.com,"Street 677, Apt 20",495.49,Comfortable place,False,http://img.com/677.jpg,Interior view,2028-01-24,2028-01-26,Confirmed,945.0151124620456,Great experience!,1,2026-03-18
Owner_28,Surname_28,user28@mail.com,"Street 678, Apt 58",321.67,Comfortable place,True,http://img.com/678.jpg,Interior view,2028-01-25,2028-01-27,Confirmed,944.503720484315,Great experience!,3,2026-03-18
Owner_29,Surname_29,user29@mail.com,"Street 679, Apt 71",383.72,Comfortable place,False,http://img.com/679.jpg,Interior view,2028-01-26,2028-01-28,Confirmed,674.0046665758854,Great experience!,3,2026-03-18
Owner_30,Surname_30,user30@mail.com,"Street 680, Apt 98",195.03,Comfortable place,True,http://img.com/680.jpg,Interior view,2028-01-27,2028-01-29,Confirmed,380.07146506140265,Great experience!,3,2026-03-18
Owner_31,Surname_31,user31@mail.com,"Street 681, Apt 50",203.74,Comfortable place,False,http://img.com/681.jpg,Interior view,2028-01-28,2028-01-30,Confirmed,709.1693518882358,Great experience!,2,2026-03-18
Owner_32,Surname_32,user32@mail.com,"Street 682, Apt 77",176.97,Comfortable place,True,http://img.com/682.jpg,Interior view,2028-01-29,2028-01-31,Confirmed,794.4230913908839,Great experience!,1,2026-03-18
Owner_33,Surname_33,user33@mail.com,"Street 683, Apt 8",424.67,Comfortable place,True,http://img.com/683.jpg,Interior view,2028-01-30,2028-02-01,Confirmed,319.6158147427346,Great experience!,2,2026-03-18
Owner_34,Surname_34,user34@mail.com,"Street 684, Apt 61",201.53,Comfortable place,False,http://img.com/684.jpg,Interior view,2028-01-31,2028-02-02,Confirmed,136.6517110105804,Great experience!,4,2026-03-18
Owner_35,Surname_35,user35@mail.com,"Street 685, Apt 98",248.43,Comfortable place,False,http://img.com/685.jpg,Interior view,2028-02-01,2028-02-03,Confirmed,414.53259489652805,Great experience!,1,2026-03-18
Owner_36,Surname_36,user36@mail.com,"Street 686, Apt 40",68.54,Comfortable place,False,http://img.com/686.jpg,Interior view,2028-02-02,2028-02-04,Confirmed,715.8770923352224,Great experience!,2,2026-03-18
Owner_37,Surname_37,user37@mail.com,"Street 687, Apt 50",351.37,Comfortable place,False,http://img.com/687.jpg,Interior view,2028-02-03,2028-02-05,Confirmed,418.3191009497595,Great experience!,1,2026-03-18
Owner_38,Surname_38,user38@mail.com,"Street 688, Apt 45",463.67,Comfortable place,True,http://img.com/688.jpg,Interior view,2028-02-04,2028-02-06,Confirmed,413.30339712959227,Great experience!,5,2026-03-18
Owner_39,Surname_39,user39@mail.com,"Street 689, Apt 97",140.4,Comfortable place,False,http://img.com/689.jpg,Interior view,2028-02-05,2028-02-07,Confirmed,661.3363760391251,Great experience!,5,2026-03-18
Owner_40,Surname_40,user40@mail.com,"Street 690, Apt 6",367.91,Comfortable place,False,http://img.com/690.jpg,Interior view,2028-02-06,2028-02-08,Confirmed,307.2708244574876,Great experience!,4,2026-03-18
Owner_41,Surname_41,user41@mail.com,"Street 691, Apt 60",180.74,Comfortable place,False,http://img.com/691.jpg,Interior view,2028-02-07,2028-02-09,Confirmed,402.628083371374,Great experience!,1,2026-03-18
Owner_42,Surname_42,user42@mail.com,"Street 692, Apt 54",61.79,Comfortable place,True,http://img.com/692.jpg,Interior view,2028-02-08,2028-02-10,Confirmed,848.8677153513933,Great experience!,4,2026-03-18
Owner_43,Surname_43,user43@mail.com,"Street 693, Apt 6",300.25,Comfortable place,False,http://img.com/693.jpg,Interior view,2028-02-09,2028-02-11,Confirmed,788.8074185028944,Great experience!,4,2026-03-18
Owner_44,Surname_44,user44@mail.com,"Street 694, Apt 68",447.58,Comfortable place,False,http://img.com/694.jpg,Interior view,2028-02-10,2028-02-12,Confirmed,432.4175004532542,Great experience!,5,2026-03-18
Owner_45,Surname_45,user45@mail.com,"Street 695, Apt 72",356.36,Comfortable place,True,http://img.com/695.jpg,Interior view,2028-02-11,2028-02-13,Confirmed,817.5389129800332,Great experience!,5,2026-03-18
Owner_46,Surname_46,user46@mail.com,"Street 696, Apt 74",146.61,Comfortable place,True,http://img.com/696.jpg,Interior view,2028-02-12,2028-02-14,Confirmed,129.7357020799786,Great experience!,5,2026-03-18
Owner_47,Surname_47,user47@mail.com,"Street 697, Apt 90",167.17,Comfortable place,True,http://img.com/697.jpg,Interior view,2028-02-13,2028-02-15,Confirmed,219.17454554151902,Great experience!,3,2026-03-18
Owner_48,Surname_48,user48@mail.com,"Street 698, Apt 77",407.51,Comfortable place,False,http://img.com/698.jpg,Interior view,2028-02-14,2028-02-16,Confirmed,227.53861608564318,Great experience!,2,2026-03-18
Owner_49,Surname_49,user49@mail.com,"Street 699, Apt 3",57.72,Comfortable place,False,http://img.com/699.jpg,Interior view,2028-02-15,2028-02-17,Confirmed,913.6900883820014,Great experience!,3,2026-03-18
Owner_0,Surname_0,user0@mail.com,"Street 700, Apt 68",392.52,Comfortable place,True,http://img.com/700.jpg,Interior view,2028-02-16,2028-02-18,Confirmed,945.7201929607113,Great experience!,2,2026-03-18
Owner_1,Surname_1,user1@mail.com,"Street 701, Apt 85",73.45,Comfortable place,False,http://img.com/701.jpg,Interior view,2028-02-17,2028-02-19,Confirmed,297.6683971876466,Great experience!,3,2026-03-18
Owner_2,Surname_2,user2@mail.com,"Street 702, Apt 31",384.28,Comfortable place,True,http://img.com/702.jpg,Interior view,2028-02-18,2028-02-20,Confirmed,305.53377192934397,Great experience!,1,2026-03-18
Owner_3,Surname_3,user3@mail.com,"Street 703, Apt 2",88.2,Comfortable place,False,http://img.com/703.jpg,Interior view,2028-02-19,2028-02-21,Confirmed,532.2350692631817,Great experience!,4,2026-03-18
Owner_4,Surname_4,user4@mail.com,"Street 704, Apt 81",390.88,Comfortable place,False,http://img.com/704.jpg,Interior view,2028-02-20,2028-02-22,Confirmed,494.16018678238714,Great experience!,3,2026-03-18
Owner_5,Surname_5,user5@mail.com,"Street 705, Apt 84",428.44,Comfortable place,False,http://img.com/705.jpg,Interior view,2028-02-21,2028-02-23,Confirmed,947.6472482806286,Great experience!,2,2026-03-18
Owner_6,Surname_6,user6@mail.com,"Street 706, Apt 57",358.27,Comfortable place,True,http://img.com/706.jpg,Interior view,2028-02-22,2028-02-24,Confirmed,895.6977830962194,Great experience!,4,2026-03-18
Owner_7,Surname_7,user7@mail.com,"Street 707, Apt 79",413.29,Comfortable place,True,http://img.com/707.jpg,Interior view,2028-02-23,2028-02-25,Confirmed,197.30415679163045,Great experience!,2,2026-03-18
Owner_8,Surname_8,user8@mail.com,"Street 708, Apt 63",311.69,Comfortable place,False,http://img.com/708.jpg,Interior view,2028-02-24,2028-02-26,Confirmed,532.1830643443209,Great experience!,3,2026-03-18
Owner_9,Surname_9,user9@mail.com,"Street 709, Apt 96",463.93,Comfortable place,True,http://img.com/709.jpg,Interior view,2028-02-25,2028-02-27,Confirmed,945.7200385058987,Great experience!,1,2026-03-18
Owner_10,Surname_10,user10@mail.com,"Street 710, Apt 21",451.13,Comfortable place,False,http://img.com/710.jpg,Interior view,2028-02-26,2028-02-28,Confirmed,471.1439262272206,Great experience!,4,2026-03-18
Owner_11,Surname_11,user11@mail.com,"Street 711, Apt 68",465.84,Comfortable place,False,http://img.com/711.jpg,Interior view,2028-02-27,2028-02-29,Confirmed,158.5085383583441,Great experience!,1,2026-03-18
Owner_12,Surname_12,user12@mail.com,"Street 712, Apt 75",262.11,Comfortable place,False,http://img.com/712.jpg,Interior view,2028-02-28,2028-03-01,Confirmed,520.4726990818742,Great experience!,1,2026-03-18
Owner_13,Surname_13,user13@mail.com,"Street 713, Apt 23",289.78,Comfortable place,False,http://img.com/713.jpg,Interior view,2028-02-29,2028-03-02,Confirmed,873.8368491385218,Great experience!,3,2026-03-18
Owner_14,Surname_14,user14@mail.com,"Street 714, Apt 28",441.35,Comfortable place,True,http://img.com/714.jpg,Interior view,2028-03-01,2028-03-03,Confirmed,334.3788152277148,Great experience!,4,2026-03-18
Owner_15,Surname_15,user15@mail.com,"Street 715, Apt 52",420.75,Comfortable place,True,http://img.com/715.jpg,Interior view,2028-03-02,2028-03-04,Confirmed,769.9180461503447,Great experience!,4,2026-03-18
Owner_16,Surname_16,user16@mail.com,"Street 716, Apt 72",58.14,Comfortable place,False,http://img.com/716.jpg,Interior view,2028-03-03,2028-03-05,Confirmed,697.7756780602002,Great experience!,5,2026-03-18
Owner_17,Surname_17,user17@mail.com,"Street 717, Apt 7",309.7,Comfortable place,True,http://img.com/717.jpg,Interior view,2028-03-04,2028-03-06,Confirmed,645.6640730602165,Great experience!,1,2026-03-18
Owner_18,Surname_18,user18@mail.com,"Street 718, Apt 1",332.29,Comfortable place,False,http://img.com/718.jpg,Interior view,2028-03-05,2028-03-07,Confirmed,708.9245031957514,Great experience!,4,2026-03-18
Owner_19,Surname_19,user19@mail.com,"Street 719, Apt 52",121.71,Comfortable place,False,http://img.com/719.jpg,Interior view,2028-03-06,2028-03-08,Confirmed,429.33932633421904,Great experience!,2,2026-03-18
Owner_20,Surname_20,user20@mail.com,"Street 720, Apt 15",320.51,Comfortable place,True,http://img.com/720.jpg,Interior view,2028-03-07,2028-03-09,Confirmed,336.5674337121326,Great experience!,3,2026-03-18
Owner_21,Surname_21,user21@mail.com,"Street 721, Apt 91",163.49,Comfortable place,True,http://img.com/721.jpg,Interior view,2028-03-08,2028-03-10,Confirmed,238.98595165858498,Great experience!,2,2026-03-18
Owner_22,Surname_22,user22@mail.com,"Street 722, Apt 62",204.1,Comfortable place,False,http://img.com/722.jpg,Interior view,2028-03-09,2028-03-11,Confirmed,164.58434514197833,Great experience!,1,2026-03-18
Owner_23,Surname_23,user23@mail.com,"Street 723, Apt 7",138.66,Comfortable place,False,http://img.com/723.jpg,Interior view,2028-03-10,2028-03-12,Confirmed,741.2463594144422,Great experience!,2,2026-03-18
Owner_24,Surname_24,user24@mail.com,"Street 724, Apt 61",378.6,Comfortable place,True,http://img.com/724.jpg,Interior view,2028-03-11,2028-03-13,Confirmed,256.3911968581616,Great experience!,5,2026-03-18
Owner_25,Surname_25,user25@mail.com,"Street 725, Apt 93",54.01,Comfortable place,True,http://img.com/725.jpg,Interior view,2028-03-12,2028-03-14,Confirmed,992.6826656199704,Great experience!,3,2026-03-18
Owner_26,Surname_26,user26@mail.com,"Street 726, Apt 73",75.41,Comfortable place,True,http://img.com/726.jpg,Interior view,2028-03-13,2028-03-15,Confirmed,236.300583697752,Great experience!,3,2026-03-18
Owner_27,Surname_27,user27@mail.com,"Street 727, Apt 42",76.23,Comfortable place,True,http://img.com/727.jpg,Interior view,2028-03-14,2028-03-16,Confirmed,165.73327634463945,Great experience!,1,2026-03-18
Owner_28,Surname_28,user28@mail.com,"Street 728, Apt 31",272.99,Comfortable place,True,http://img.com/728.jpg,Interior view,2028-03-15,2028-03-17,Confirmed,525.8582490182641,Great experience!,2,2026-03-18
Owner_29,Surname_29,user29@mail.com,"Street 729, Apt 83",227.17,Comfortable place,False,http://img.com/729.jpg,Interior view,2028-03-16,2028-03-18,Confirmed,291.313080614579,Great experience!,5,2026-03-18
Owner_30,Surname_30,user30@mail.com,"Street 730, Apt 56",447.23,Comfortable place,True,http://img.com/730.jpg,Interior view,2028-03-17,2028-03-19,Confirmed,183.37604526191927,Great experience!,3,2026-03-18
Owner_31,Surname_31,user31@mail.com,"Street 731, Apt 6",465.68,Comfortable place,False,http://img.com/731.jpg,Interior view,2028-03-18,2028-03-20,Confirmed,462.68657614672117,Great experience!,3,2026-03-18
Owner_32,Surname_32,user32@mail.com,"Street 732, Apt 34",221.03,Comfortable place,True,http://img.com/732.jpg,Interior view,2028-03-19,2028-03-21,Confirmed,213.41938893359264,Great experience!,3,2026-03-18
Owner_33,Surname_33,user33@mail.com,"Street 733, Apt 26",61.82,Comfortable place,True,http://img.com/733.jpg,Interior view,2028-03-20,2028-03-22,Confirmed,202.9730492827802,Great experience!,2,2026-03-18
Owner_34,Surname_34,user34@mail.com,"Street 734, Apt 54",465.54,Comfortable place,False,http://img.com/734.jpg,Interior view,2028-03-21,2028-03-23,Confirmed,374.2478622561472,Great experience!,5,2026-03-18
Owner_35,Surname_35,user35@mail.com,"Street 735, Apt 49",127.52,Comfortable place,True,http://img.com/735.jpg,Interior view,2028-03-22,2028-03-24,Confirmed,409.9680344785337,Great experience!,4,2026-03-18
Owner_36,Surname_36,user36@mail.com,"Street 736, Apt 5",197.65,Comfortable place,True,http://img.com/736.jpg,Interior view,2028-03-23,2028-03-25,Confirmed,482.60433666181626,Great experience!,1,2026-03-18
Owner_37,Surname_37,user37@mail.com,"Street 737, Apt 2",412.96,Comfortable place,False,http://img.com/737.jpg,Interior view,2028-03-24,2028-03-26,Confirmed,504.8713384518185,Great experience!,1,2026-03-18
Owner_38,Surname_38,user38@mail.com,"Street 738, Apt 77",223.06,Comfortable place,True,http://img.com/738.jpg,Interior view,2028-03-25,2028-03-27,Confirmed,212.9328393863085,Great experience!,3,2026-03-18
Owner_39,Surname_39,user39@mail.com,"Street 739, Apt 45",238.16,Comfortable place,False,http://img.com/739.jpg,Interior view,2028-03-26,2028-03-28,Confirmed,793.2179490772234,Great experience!,2,2026-03-18
Owner_40,Surname_40,user40@mail.com,"Street 740, Apt 32",470.57,Comfortable place,True,http://img.com/740.jpg,Interior view,2028-03-27,2028-03-29,Confirmed,803.4122315755147,Great experience!,4,2026-03-18
Owner_41,Surname_41,user41@mail.com,"Street 741, Apt 79",393.16,Comfortable place,True,http://img.com/741.jpg,Interior view,2028-03-28,2028-03-30,Confirmed,731.3105592446033,Great experience!,1,2026-03-18
Owner_42,Surname_42,user42@mail.com,"Street 742, Apt 93",196.49,Comfortable place,False,http://img.com/742.jpg,Interior view,2028-03-29,2028-03-31,Confirmed,548.4718329084127,Great experience!,2,2026-03-18
Owner_43,Surname_43,user43@mail.com,"Street 743, Apt 76",91.8,Comfortable place,True,http://img.com/743.jpg,Interior view,2028-03-30,2028-04-01,Confirmed,691.2506571050081,Great experience!,2,2026-03-18
Owner_44,Surname_44,user44@mail.com,"Street 744, Apt 84",211.44,Comfortable place,False,http://img.com/744.jpg,Interior view,2028-03-31,2028-04-02,Confirmed,782.3686394056066,Great experience!,3,2026-03-18
Owner_45,Surname_45,user45@mail.com,"Street 745, Apt 99",282.93,Comfortable place,False,http://img.com/745.jpg,Interior view,2028-04-01,2028-04-03,Confirmed,428.81987139858546,Great experience!,5,2026-03-18
Owner_46,Surname_46,user46@mail.com,"Street 746, Apt 7",467.57,Comfortable place,True,http://img.com/746.jpg,Interior view,2028-04-02,2028-04-04,Confirmed,113.84719932737559,Great experience!,3,2026-03-18
Owner_47,Surname_47,user47@mail.com,"Street 747, Apt 30",188.77,Comfortable place,True,http://img.com/747.jpg,Interior view,2028-04-03,2028-04-05,Confirmed,465.4853593433675,Great experience!,3,2026-03-18
Owner_48,Surname_48,user48@mail.com,"Street 748, Apt 7",409.29,Comfortable place,True,http://img.com/748.jpg,Interior view,2028-04-04,2028-04-06,Confirmed,873.1209413038051,Great experience!,5,2026-03-18
Owner_49,Surname_49,user49@mail.com,"Street 749, Apt 52",245.02,Comfortable place,False,http://img.com/749.jpg,Interior view,2028-04-05,2028-04-07,Confirmed,698.4384516887089,Great experience!,2,2026-03-18
Owner_0,Surname_0,user0@mail.com,"Street 750, Apt 100",382.79,Comfortable place,False,http://img.com/750.jpg,Interior view,2028-04-06,2028-04-08,Confirmed,143.78750530887183,Great experience!,2,2026-03-18
Owner_1,Surname_1,user1@mail.com,"Street 751, Apt 45",186.91,Comfortable place,True,http://img.com/751.jpg,Interior view,2028-04-07,2028-04-09,Confirmed,978.9096623681751,Great experience!,2,2026-03-18
Owner_2,Surname_2,user2@mail.com,"Street 752, Apt 77",270.89,Comfortable place,True,http://img.com/752.jpg,Interior view,2028-04-08,2028-04-10,Confirmed,411.8885540982329,Great experience!,3,2026-03-18
Owner_3,Surname_3,user3@mail.com,"Street 753, Apt 22",369.77,Comfortable place,True,http://img.com/753.jpg,Interior view,2028-04-09,2028-04-11,Confirmed,244.2362510963454,Great experience!,1,2026-03-18
Owner_4,Surname_4,user4@mail.com,"Street 754, Apt 39",219.92,Comfortable place,False,http://img.com/754.jpg,Interior view,2028-04-10,2028-04-12,Confirmed,357.70449424974015,Great experience!,5,2026-03-18
Owner_5,Surname_5,user5@mail.com,"Street 755, Apt 79",262.75,Comfortable place,True,http://img.com/755.jpg,Interior view,2028-04-11,2028-04-13,Confirmed,195.3348619201849,Great experience!,3,2026-03-18
Owner_6,Surname_6,user6@mail.com,"Street 756, Apt 61",68.53,Comfortable place,True,http://img.com/756.jpg,Interior view,2028-04-12,2028-04-14,Confirmed,954.2717002908546,Great experience!,5,2026-03-18
Owner_7,Surname_7,user7@mail.com,"Street 757, Apt 34",225.2,Comfortable place,True,http://img.com/757.jpg,Interior view,2028-04-13,2028-04-15,Confirmed,191.79958711575307,Great experience!,4,2026-03-18
Owner_8,Surname_8,user8@mail.com,"Street 758, Apt 18",383.31,Comfortable place,True,http://img.com/758.jpg,Interior view,2028-04-14,2028-04-16,Confirmed,438.4057891911523,Great experience!,3,2026-03-18
Owner_9,Surname_9,user9@mail.com,"Street 759, Apt 84",270.0,Comfortable place,True,http://img.com/759.jpg,Interior view,2028-04-15,2028-04-17,Confirmed,768.2437087093867,Great experience!,2,2026-03-18
Owner_10,Surname_10,user10@mail.com,"Street 760, Apt 20",226.41,Comfortable place,True,http://img.com/760.jpg,Interior view,2028-04-16,2028-04-18,Confirmed,272.62811678640327,Great experience!,4,2026-03-18
Owner_11,Surname_11,user11@mail.com,"Street 761, Apt 12",260.18,Comfortable place,True,http://img.com/761.jpg,Interior view,2028-04-17,2028-04-19,Confirmed,369.35034461429336,Great experience!,3,2026-03-18
Owner_12,Surname_12,user12@mail.com,"Street 762, Apt 15",402.81,Comfortable place,False,http://img.com/762.jpg,Interior view,2028-04-18,2028-04-20,Confirmed,335.3943548655607,Great experience!,4,2026-03-18
Owner_13,Surname_13,user13@mail.com,"Street 763, Apt 83",362.56,Comfortable place,False,http://img.com/763.jpg,Interior view,2028-04-19,2028-04-21,Confirmed,187.22042545691625,Great experience!,2,2026-03-18
Owner_14,Surname_14,user14@mail.com,"Street 764, Apt 43",343.36,Comfortable place,False,http://img.com/764.jpg,Interior view,2028-04-20,2028-04-22,Confirmed,864.3141472626878,Great experience!,1,2026-03-18
Owner_15,Surname_15,user15@mail.com,"Street 765, Apt 45",380.4,Comfortable place,True,http://img.com/765.jpg,Interior view,2028-04-21,2028-04-23,Confirmed,526.5499600119394,Great experience!,5,2026-03-18
Owner_16,Surname_16,user16@mail.com,"Street 766, Apt 3",76.11,Comfortable place,False,http://img.com/766.jpg,Interior view,2028-04-22,2028-04-24,Confirmed,661.443761817593,Great experience!,4,2026-03-18
Owner_17,Surname_17,user17@mail.com,"Street 767, Apt 98",263.27,Comfortable place,True,http://img.com/767.jpg,Interior view,2028-04-23,2028-04-25,Confirmed,610.7770295861709,Great experience!,1,2026-03-18
Owner_18,Surname_18,user18@mail.com,"Street 768, Apt 30",213.8,Comfortable place,True,http://img.com/768.jpg,Interior view,2028-04-24,2028-04-26,Confirmed,483.5884181203989,Great experience!,2,2026-03-18
Owner_19,Surname_19,user19@mail.com,"Street 769, Apt 26",75.02,Comfortable place,False,http://img.com/769.jpg,Interior view,2028-04-25,2028-04-27,Confirmed,320.80503459414155,Great experience!,4,2026-03-18
Owner_20,Surname_20,user20@mail.com,"Street 770, Apt 24",176.45,Comfortable place,False,http://img.com/770.jpg,Interior view,2028-04-26,2028-04-28,Confirmed,391.98930329622397,Great experience!,3,2026-03-18
Owner_21,Surname_21,user21@mail.com,"Street 771, Apt 68",178.02,Comfortable place,True,http://img.com/771.jpg,Interior view,2028-04-27,2028-04-29,Confirmed,930.316774990661,Great experience!,1,2026-03-18
Owner_22,Surname_22,user22@mail.com,"Street 772, Apt 76",201.92,Comfortable place,False,http://img.com/772.jpg,Interior view,2028-04-28,2028-04-30,Confirmed,672.8956961930537,Great experience!,4,2026-03-18
Owner_23,Surname_23,user23@mail.com,"Street 773, Apt 38",102.06,Comfortable place,False,http://img.com/773.jpg,Interior view,2028-04-29,2028-05-01,Confirmed,491.26740952709815,Great experience!,4,2026-03-18
Owner_24,Surname_24,user24@mail.com,"Street 774, Apt 90",241.25,Comfortable place,True,http://img.com/774.jpg,Interior view,2028-04-30,2028-05-02,Confirmed,254.06973138336483,Great experience!,5,2026-03-18
Owner_25,Surname_25,user25@mail.com,"Street 775, Apt 18",113.13,Comfortable place,True,http://img.com/775.jpg,Interior view,2028-05-01,2028-05-03,Confirmed,464.1966986407991,Great experience!,1,2026-03-18
Owner_26,Surname_26,user26@mail.com,"Street 776, Apt 38",135.81,Comfortable place,True,http://img.com/776.jpg,Interior view,2028-05-02,2028-05-04,Confirmed,465.7654968133094,Great experience!,4,2026-03-18
Owner_27,Surname_27,user27@mail.com,"Street 777, Apt 70",485.22,Comfortable place,True,http://img.com/777.jpg,Interior view,2028-05-03,2028-05-05,Confirmed,186.94502926830782,Great experience!,1,2026-03-18
Owner_28,Surname_28,user28@mail.com,"Street 778, Apt 37",200.22,Comfortable place,True,http://img.com/778.jpg,Interior view,2028-05-04,2028-05-06,Confirmed,394.0448192267524,Great experience!,3,2026-03-18
Owner_29,Surname_29,user29@mail.com,"Street 779, Apt 12",62.96,Comfortable place,True,http://img.com/779.jpg,Interior view,2028-05-05,2028-05-07,Confirmed,811.0639876854185,Great experience!,1,2026-03-18
Owner_30,Surname_30,user30@mail.com,"Street 780, Apt 4",176.09,Comfortable place,True,http://img.com/780.jpg,Interior view,2028-05-06,2028-05-08,Confirmed,932.9034075264793,Great experience!,3,2026-03-18
Owner_31,Surname_31,user31@mail.com,"Street 781, Apt 89",180.18,Comfortable place,True,http://img.com/781.jpg,Interior view,2028-05-07,2028-05-09,Confirmed,606.5892002613848,Great experience!,5,2026-03-18
Owner_32,Surname_32,user32@mail.com,"Street 782, Apt 46",487.43,Comfortable place,False,http://img.com/782.jpg,Interior view,2028-05-08,2028-05-10,Confirmed,668.1693805082681,Great experience!,2,2026-03-18
Owner_33,Surname_33,user33@mail.com,"Street 783, Apt 92",375.25,Comfortable place,True,http://img.com/783.jpg,Interior view,2028-05-09,2028-05-11,Confirmed,957.7673334669787,Great experience!,3,2026-03-18
Owner_34,Surname_34,user34@mail.com,"Street 784, Apt 87",306.01,Comfortable place,True,http://img.com/784.jpg,Interior view,2028-05-10,2028-05-12,Confirmed,499.8548412106078,Great experience!,2,2026-03-18
Owner_35,Surname_35,user35@mail.com,"Street 785, Apt 80",440.83,Comfortable place,True,http://img.com/785.jpg,Interior view,2028-05-11,2028-05-13,Confirmed,105.57423657573305,Great experience!,2,2026-03-18
Owner_36,Surname_36,user36@mail.com,"Street 786, Apt 28",185.71,Comfortable place,False,http://img.com/786.jpg,Interior view,2028-05-12,2028-05-14,Confirmed,415.3496105765419,Great experience!,2,2026-03-18
Owner_37,Surname_37,user37@mail.com,"Street 787, Apt 71",334.4,Comfortable place,False,http://img.com/787.jpg,Interior view,2028-05-13,2028-05-15,Confirmed,861.9658637475875,Great experience!,1,2026-03-18
Owner_38,Surname_38,user38@mail.com,"Street 788, Apt 10",164.37,Comfortable place,False,http://img.com/788.jpg,Interior view,2028-05-14,2028-05-16,Confirmed,866.8327222709524,Great experience!,5,2026-03-18
Owner_39,Surname_39,user39@mail.com,"Street 789, Apt 79",327.17,Comfortable place,True,http://img.com/789.jpg,Interior view,2028-05-15,2028-05-17,Confirmed,596.8979769292687,Great experience!,4,2026-03-18
Owner_40,Surname_40,user40@mail.com,"Street 790, Apt 61",422.6,Comfortable place,True,http://img.com/790.jpg,Interior view,2028-05-16,2028-05-18,Confirmed,575.3173553769512,Great experience!,1,2026-03-18
Owner_41,Surname_41,user41@mail.com,"Street 791, Apt 13",61.9,Comfortable place,False,http://img.com/791.jpg,Interior view,2028-05-17,2028-05-19,Confirmed,461.66816338011597,Great experience!,4,2026-03-18
Owner_42,Surname_42,user42@mail.com,"Street 792, Apt 87",198.9,Comfortable place,False,http://img.com/792.jpg,Interior view,2028-05-18,2028-05-20,Confirmed,799.879969551997,Great experience!,5,2026-03-18
Owner_43,Surname_43,user43@mail.com,"Street 793, Apt 38",377.33,Comfortable place,False,http://img.com/793.jpg,Interior view,2028-05-19,2028-05-21,Confirmed,619.7836590429025,Great experience!,2,2026-03-18
Owner_44,Surname_44,user44@mail.com,"Street 794, Apt 17",359.43,Comfortable place,False,http://img.com/794.jpg,Interior view,2028-05-20,2028-05-22,Confirmed,720.437373655134,Great experience!,2,2026-03-18
Owner_45,Surname_45,user45@mail.com,"Street 795, Apt 6",219.98,Comfortable place,False,http://img.com/795.jpg,Interior view,2028-05-21,2028-05-23,Confirmed,679.8594178986567,Great experience!,4,2026-03-18
Owner_46,Surname_46,user46@mail.com,"Street 796, Apt 9",199.06,Comfortable place,True,http://img.com/796.jpg,Interior view,2028-05-22,2028-05-24,Confirmed,147.6131359389207,Great experience!,1,2026-03-18
Owner_47,Surname_47,user47@mail.com,"Street 797, Apt 43",81.36,Comfortable place,False,http://img.com/797.jpg,Interior view,2028-05-23,2028-05-25,Confirmed,767.4299950394337,Great experience!,2,2026-03-18
Owner_48,Surname_48,user48@mail.com,"Street 798, Apt 59",233.15,Comfortable place,False,http://img.com/798.jpg,Interior view,2028-05-24,2028-05-26,Confirmed,520.7602885104793,Great experience!,2,2026-03-18
Owner_49,Surname_49,user49@mail.com,"Street 799, Apt 66",55.8,Comfortable place,False,http://img.com/799.jpg,Interior view,2028-05-25,2028-05-27,Confirmed,391.7392568067874,Great experience!,3,2026-03-18
Owner_0,Surname_0,user0@mail.com,"Street 800, Apt 83",262.14,Comfortable place,False,http://img.com/800.jpg,Interior view,2028-05-26,2028-05-28,Confirmed,267.1801062885191,Great experience!,1,2026-03-18
Owner_1,Surname_1,user1@mail.com,"Street 801, Apt 18",189.87,Comfortable place,False,http://img.com/801.jpg,Interior view,2028-05-27,2028-05-29,Confirmed,726.8047520346252,Great experience!,1,2026-03-18
Owner_2,Surname_2,user2@mail.com,"Street 802, Apt 40",393.86,Comfortable place,False,http://img.com/802.jpg,Interior view,2028-05-28,2028-05-30,Confirmed,302.29867476961635,Great experience!,5,2026-03-18
Owner_3,Surname_3,user3@mail.com,"Street 803, Apt 43",397.39,Comfortable place,False,http://img.com/803.jpg,Interior view,2028-05-29,2028-05-31,Confirmed,263.728218639727,Great experience!,4,2026-03-18
Owner_4,Surname_4,user4@mail.com,"Street 804, Apt 40",71.21,Comfortable place,False,http://img.com/804.jpg,Interior view,2028-05-30,2028-06-01,Confirmed,452.66796803520276,Great experience!,1,2026-03-18
Owner_5,Surname_5,user5@mail.com,"Street 805, Apt 71",437.36,Comfortable place,False,http://img.com/805.jpg,Interior view,2028-05-31,2028-06-02,Confirmed,608.7536595269313,Great experience!,4,2026-03-18
Owner_6,Surname_6,user6@mail.com,"Street 806, Apt 12",294.23,Comfortable place,True,http://img.com/806.jpg,Interior view,2028-06-01,2028-06-03,Confirmed,441.0796152891901,Great experience!,5,2026-03-18
Owner_7,Surname_7,user7@mail.com,"Street 807, Apt 31",474.93,Comfortable place,False,http://img.com/807.jpg,Interior view,2028-06-02,2028-06-04,Confirmed,922.7744938740911,Great experience!,2,2026-03-18
Owner_8,Surname_8,user8@mail.com,"Street 808, Apt 62",61.18,Comfortable place,False,http://img.com/808.jpg,Interior view,2028-06-03,2028-06-05,Confirmed,354.90822741759337,Great experience!,4,2026-03-18
Owner_9,Surname_9,user9@mail.com,"Street 809, Apt 62",320.07,Comfortable place,True,http://img.com/809.jpg,Interior view,2028-06-04,2028-06-06,Confirmed,473.0590558541249,Great experience!,2,2026-03-18
Owner_10,Surname_10,user10@mail.com,"Street 810, Apt 68",339.83,Comfortable place,False,http://img.com/810.jpg,Interior view,2028-06-05,2028-06-07,Confirmed,860.1932615065385,Great experience!,3,2026-03-18
Owner_11,Surname_11,user11@mail.com,"Street 811, Apt 43",355.7,Comfortable place,False,http://img.com/811.jpg,Interior view,2028-06-06,2028-06-08,Confirmed,193.22158762803275,Great experience!,1,2026-03-18
Owner_12,Surname_12,user12@mail.com,"Street 812, Apt 29",431.38,Comfortable place,False,http://img.com/812.jpg,Interior view,2028-06-07,2028-06-09,Confirmed,101.01279296856855,Great experience!,5,2026-03-18
Owner_13,Surname_13,user13@mail.com,"Street 813, Apt 47",236.63,Comfortable place,False,http://img.com/813.jpg,Interior view,2028-06-08,2028-06-10,Confirmed,842.7907416109873,Great experience!,1,2026-03-18
Owner_14,Surname_14,user14@mail.com,"Street 814, Apt 87",487.92,Comfortable place,False,http://img.com/814.jpg,Interior view,2028-06-09,2028-06-11,Confirmed,957.1878881674719,Great experience!,1,2026-03-18
Owner_15,Surname_15,user15@mail.com,"Street 815, Apt 3",470.51,Comfortable place,False,http://img.com/815.jpg,Interior view,2028-06-10,2028-06-12,Confirmed,972.128960661234,Great experience!,4,2026-03-18
Owner_16,Surname_16,user16@mail.com,"Street 816, Apt 50",313.39,Comfortable place,False,http://img.com/816.jpg,Interior view,2028-06-11,2028-06-13,Confirmed,344.7901890185541,Great experience!,4,2026-03-18
Owner_17,Surname_17,user17@mail.com,"Street 817, Apt 91",375.57,Comfortable place,False,http://img.com/817.jpg,Interior view,2028-06-12,2028-06-14,Confirmed,854.7574686642776,Great experience!,2,2026-03-18
Owner_18,Surname_18,user18@mail.com,"Street 818, Apt 81",162.91,Comfortable place,True,http://img.com/818.jpg,Interior view,2028-06-13,2028-06-15,Confirmed,169.07123259581837,Great experience!,4,2026-03-18
Owner_19,Surname_19,user19@mail.com,"Street 819, Apt 14",281.67,Comfortable place,True,http://img.com/819.jpg,Interior view,2028-06-14,2028-06-16,Confirmed,261.18554280397734,Great experience!,2,2026-03-18
Owner_20,Surname_20,user20@mail.com,"Street 820, Apt 100",442.93,Comfortable place,False,http://img.com/820.jpg,Interior view,2028-06-15,2028-06-17,Confirmed,804.8792020393588,Great experience!,3,2026-03-18
Owner_21,Surname_21,user21@mail.com,"Street 821, Apt 3",368.45,Comfortable place,True,http://img.com/821.jpg,Interior view,2028-06-16,2028-06-18,Confirmed,723.7361826300934,Great experience!,5,2026-03-18
Owner_22,Surname_22,user22@mail.com,"Street 822, Apt 32",394.09,Comfortable place,True,http://img.com/822.jpg,Interior view,2028-06-17,2028-06-19,Confirmed,161.66327827309496,Great experience!,5,2026-03-18
Owner_23,Surname_23,user23@mail.com,"Street 823, Apt 54",369.54,Comfortable place,True,http://img.com/823.jpg,Interior view,2028-06-18,2028-06-20,Confirmed,272.3688700894475,Great experience!,5,2026-03-18
Owner_24,Surname_24,user24@mail.com,"Street 824, Apt 69",477.4,Comfortable place,False,http://img.com/824.jpg,Interior view,2028-06-19,2028-06-21,Confirmed,295.7798810606056,Great experience!,1,2026-03-18
Owner_25,Surname_25,user25@mail.com,"Street 825, Apt 25",265.46,Comfortable place,False,http://img.com/825.jpg,Interior view,2028-06-20,2028-06-22,Confirmed,519.2945404208795,Great experience!,3,2026-03-18
Owner_26,Surname_26,user26@mail.com,"Street 826, Apt 28",158.14,Comfortable place,True,http://img.com/826.jpg,Interior view,2028-06-21,2028-06-23,Confirmed,511.14850882293547,Great experience!,5,2026-03-18
Owner_27,Surname_27,user27@mail.com,"Street 827, Apt 28",445.97,Comfortable place,True,http://img.com/827.jpg,Interior view,2028-06-22,2028-06-24,Confirmed,658.883009775663,Great experience!,1,2026-03-18
Owner_28,Surname_28,user28@mail.com,"Street 828, Apt 61",340.6,Comfortable place,True,http://img.com/828.jpg,Interior view,2028-06-23,2028-06-25,Confirmed,414.9106621922397,Great experience!,2,2026-03-18
Owner_29,Surname_29,user29@mail.com,"Street 829, Apt 67",400.03,Comfortable place,False,http://img.com/829.jpg,Interior view,2028-06-24,2028-06-26,Confirmed,969.8518433859349,Great experience!,3,2026-03-18
Owner_30,Surname_30,user30@mail.com,"Street 830, Apt 33",497.16,Comfortable place,True,http://img.com/830.jpg,Interior view,2028-06-25,2028-06-27,Confirmed,389.4526263908543,Great experience!,2,2026-03-18
Owner_31,Surname_31,user31@mail.com,"Street 831, Apt 81",344.27,Comfortable place,True,http://img.com/831.jpg,Interior view,2028-06-26,2028-06-28,Confirmed,244.54602973391803,Great experience!,5,2026-03-18
Owner_32,Surname_32,user32@mail.com,"Street 832, Apt 70",458.54,Comfortable place,True,http://img.com/832.jpg,Interior view,2028-06-27,2028-06-29,Confirmed,914.5171997567347,Great experience!,5,2026-03-18
Owner_33,Surname_33,user33@mail.com,"Street 833, Apt 99",289.73,Comfortable place,True,http://img.com/833.jpg,Interior view,2028-06-28,2028-06-30,Confirmed,663.6097588888974,Great experience!,4,2026-03-18
Owner_34,Surname_34,user34@mail.com,"Street 834, Apt 30",402.59,Comfortable place,False,http://img.com/834.jpg,Interior view,2028-06-29,2028-07-01,Confirmed,890.5764362903503,Great experience!,4,2026-03-18
Owner_35,Surname_35,user35@mail.com,"Street 835, Apt 57",225.39,Comfortable place,True,http://img.com/835.jpg,Interior view,2028-06-30,2028-07-02,Confirmed,460.5912299808088,Great experience!,4,2026-03-18
Owner_36,Surname_36,user36@mail.com,"Street 836, Apt 37",168.86,Comfortable place,False,http://img.com/836.jpg,Interior view,2028-07-01,2028-07-03,Confirmed,845.5697607418481,Great experience!,2,2026-03-18
Owner_37,Surname_37,user37@mail.com,"Street 837, Apt 94",186.36,Comfortable place,False,http://img.com/837.jpg,Interior view,2028-07-02,2028-07-04,Confirmed,424.4727095429019,Great experience!,4,2026-03-18
Owner_38,Surname_38,user38@mail.com,"Street 838, Apt 96",295.85,Comfortable place,True,http://img.com/838.jpg,Interior view,2028-07-03,2028-07-05,Confirmed,994.7871247610076,Great experience!,1,2026-03-18
Owner_39,Surname_39,user39@mail.com,"Street 839, Apt 93",114.99,Comfortable place,False,http://img.com/839.jpg,Interior view,2028-07-04,2028-07-06,Confirmed,858.7899313572432,Great experience!,3,2026-03-18
Owner_40,Surname_40,user40@mail.com,"Street 840, Apt 83",434.04,Comfortable place,True,http://img.com/840.jpg,Interior view,2028-07-05,2028-07-07,Confirmed,429.71507614574017,Great experience!,5,2026-03-18
Owner_41,Surname_41,user41@mail.com,"Street 841, Apt 78",286.53,Comfortable place,False,http://img.com/841.jpg,Interior view,2028-07-06,2028-07-08,Confirmed,376.9716943004582,Great experience!,3,2026-03-18
Owner_42,Surname_42,user42@mail.com,"Street 842, Apt 3",318.46,Comfortable place,False,http://img.com/842.jpg,Interior view,2028-07-07,2028-07-09,Confirmed,430.8976353406475,Great experience!,2,2026-03-18
Owner_43,Surname_43,user43@mail.com,"Street 843, Apt 100",149.73,Comfortable place,True,http://img.com/843.jpg,Interior view,2028-07-08,2028-07-10,Confirmed,468.68428868925815,Great experience!,4,2026-03-18
Owner_44,Surname_44,user44@mail.com,"Street 844, Apt 5",80.6,Comfortable place,True,http://img.com/844.jpg,Interior view,2028-07-09,2028-07-11,Confirmed,664.2388649532593,Great experience!,4,2026-03-18
Owner_45,Surname_45,user45@mail.com,"Street 845, Apt 49",261.21,Comfortable place,False,http://img.com/845.jpg,Interior view,2028-07-10,2028-07-12,Confirmed,465.3148722543777,Great experience!,3,2026-03-18
Owner_46,Surname_46,user46@mail.com,"Street 846, Apt 6",426.91,Comfortable place,True,http://img.com/846.jpg,Interior view,2028-07-11,2028-07-13,Confirmed,438.79829922184143,Great experience!,2,2026-03-18
Owner_47,Surname_47,user47@mail.com,"Street 847, Apt 76",397.53,Comfortable place,False,http://img.com/847.jpg,Interior view,2028-07-12,2028-07-14,Confirmed,188.60380569449802,Great experience!,1,2026-03-18
Owner_48,Surname_48,user48@mail.com,"Street 848, Apt 87",69.44,Comfortable place,False,http://img.com/848.jpg,Interior view,2028-07-13,2028-07-15,Confirmed,414.05628850128676,Great experience!,1,2026-03-18
Owner_49,Surname_49,user49@mail.com,"Street 849, Apt 73",165.17,Comfortable place,False,http://img.com/849.jpg,Interior view,2028-07-14,2028-07-16,Confirmed,471.91093003824733,Great experience!,4,2026-03-18
Owner_0,Surname_0,user0@mail.com,"Street 850, Apt 9",397.33,Comfortable place,False,http://img.com/850.jpg,Interior view,2028-07-15,2028-07-17,Confirmed,119.76524996202596,Great experience!,5,2026-03-18
Owner_1,Surname_1,user1@mail.com,"Street 851, Apt 49",143.27,Comfortable place,True,http://img.com/851.jpg,Interior view,2028-07-16,2028-07-18,Confirmed,824.9340527854976,Great experience!,1,2026-03-18
Owner_2,Surname_2,user2@mail.com,"Street 852, Apt 72",187.63,Comfortable place,False,http://img.com/852.jpg,Interior view,2028-07-17,2028-07-19,Confirmed,561.2873249814253,Great experience!,5,2026-03-18
Owner_3,Surname_3,user3@mail.com,"Street 853, Apt 76",115.29,Comfortable place,True,http://img.com/853.jpg,Interior view,2028-07-18,2028-07-20,Confirmed,752.7729878181653,Great experience!,5,2026-03-18
Owner_4,Surname_4,user4@mail.com,"Street 854, Apt 71",259.52,Comfortable place,False,http://img.com/854.jpg,Interior view,2028-07-19,2028-07-21,Confirmed,507.624919598025,Great experience!,2,2026-03-18
Owner_5,Surname_5,user5@mail.com,"Street 855, Apt 26",334.08,Comfortable place,False,http://img.com/855.jpg,Interior view,2028-07-20,2028-07-22,Confirmed,859.2063580534003,Great experience!,5,2026-03-18
Owner_6,Surname_6,user6@mail.com,"Street 856, Apt 61",106.16,Comfortable place,True,http://img.com/856.jpg,Interior view,2028-07-21,2028-07-23,Confirmed,803.9518992054491,Great experience!,3,2026-03-18
Owner_7,Surname_7,user7@mail.com,"Street 857, Apt 71",118.77,Comfortable place,True,http://img.com/857.jpg,Interior view,2028-07-22,2028-07-24,Confirmed,135.53245709672822,Great experience!,1,2026-03-18
Owner_8,Surname_8,user8@mail.com,"Street 858, Apt 66",400.68,Comfortable place,True,http://img.com/858.jpg,Interior view,2028-07-23,2028-07-25,Confirmed,929.6968835784054,Great experience!,2,2026-03-18
Owner_9,Surname_9,user9@mail.com,"Street 859, Apt 77",404.92,Comfortable place,True,http://img.com/859.jpg,Interior view,2028-07-24,2028-07-26,Confirmed,652.5355374325668,Great experience!,5,2026-03-18
Owner_10,Surname_10,user10@mail.com,"Street 860, Apt 99",483.02,Comfortable place,True,http://img.com/860.jpg,Interior view,2028-07-25,2028-07-27,Confirmed,138.86045308667786,Great experience!,5,2026-03-18
Owner_11,Surname_11,user11@mail.com,"Street 861, Apt 3",491.16,Comfortable place,False,http://img.com/861.jpg,Interior view,2028-07-26,2028-07-28,Confirmed,803.1906435683028,Great experience!,2,2026-03-18
Owner_12,Surname_12,user12@mail.com,"Street 862, Apt 48",413.07,Comfortable place,False,http://img.com/862.jpg,Interior view,2028-07-27,2028-07-29,Confirmed,645.1119979037898,Great experience!,1,2026-03-18
Owner_13,Surname_13,user13@mail.com,"Street 863, Apt 29",64.12,Comfortable place,True,http://img.com/863.jpg,Interior view,2028-07-28,2028-07-30,Confirmed,825.683964617065,Great experience!,2,2026-03-18
Owner_14,Surname_14,user14@mail.com,"Street 864, Apt 31",464.15,Comfortable place,True,http://img.com/864.jpg,Interior view,2028-07-29,2028-07-31,Confirmed,595.0545455328433,Great experience!,3,2026-03-18
Owner_15,Surname_15,user15@mail.com,"Street 865, Apt 15",363.81,Comfortable place,False,http://img.com/865.jpg,Interior view,2028-07-30,2028-08-01,Confirmed,507.30709590421145,Great experience!,4,2026-03-18
Owner_16,Surname_16,user16@mail.com,"Street 866, Apt 14",410.48,Comfortable place,False,http://img.com/866.jpg,Interior view,2028-07-31,2028-08-02,Confirmed,784.1492553095793,Great experience!,1,2026-03-18
Owner_17,Surname_17,user17@mail.com,"Street 867, Apt 25",165.47,Comfortable place,False,http://img.com/867.jpg,Interior view,2028-08-01,2028-08-03,Confirmed,154.4856043355794,Great experience!,2,2026-03-18
Owner_18,Surname_18,user18@mail.com,"Street 868, Apt 59",268.67,Comfortable place,False,http://img.com/868.jpg,Interior view,2028-08-02,2028-08-04,Confirmed,838.5702210242409,Great experience!,5,2026-03-18
Owner_19,Surname_19,user19@mail.com,"Street 869, Apt 86",444.39,Comfortable place,False,http://img.com/869.jpg,Interior view,2028-08-03,2028-08-05,Confirmed,395.7419938962215,Great experience!,4,2026-03-18
Owner_20,Surname_20,user20@mail.com,"Street 870, Apt 58",62.41,Comfortable place,False,http://img.com/870.jpg,Interior view,2028-08-04,2028-08-06,Confirmed,201.82874279250123,Great experience!,5,2026-03-18
Owner_21,Surname_21,user21@mail.com,"Street 871, Apt 70",325.84,Comfortable place,False,http://img.com/871.jpg,Interior view,2028-08-05,2028-08-07,Confirmed,590.2014876493945,Great experience!,1,2026-03-18
Owner_22,Surname_22,user22@mail.com,"Street 872, Apt 27",120.72,Comfortable place,True,http://img.com/872.jpg,Interior view,2028-08-06,2028-08-08,Confirmed,977.7820570285489,Great experience!,4,2026-03-18
Owner_23,Surname_23,user23@mail.com,"Street 873, Apt 81",258.39,Comfortable place,False,http://img.com/873.jpg,Interior view,2028-08-07,2028-08-09,Confirmed,551.6879441910489,Great experience!,5,2026-03-18
Owner_24,Surname_24,user24@mail.com,"Street 874, Apt 90",275.34,Comfortable place,False,http://img.com/874.jpg,Interior view,2028-08-08,2028-08-10,Confirmed,469.7525560906041,Great experience!,3,2026-03-18
Owner_25,Surname_25,user25@mail.com,"Street 875, Apt 70",394.25,Comfortable place,True,http://img.com/875.jpg,Interior view,2028-08-09,2028-08-11,Confirmed,244.75724303974133,Great experience!,1,2026-03-18
Owner_26,Surname_26,user26@mail.com,"Street 876, Apt 15",382.15,Comfortable place,True,http://img.com/876.jpg,Interior view,2028-08-10,2028-08-12,Confirmed,588.548462574918,Great experience!,2,2026-03-18
Owner_27,Surname_27,user27@mail.com,"Street 877, Apt 51",106.43,Comfortable place,False,http://img.com/877.jpg,Interior view,2028-08-11,2028-08-13,Confirmed,618.9059360746298,Great experience!,1,2026-03-18
Owner_28,Surname_28,user28@mail.com,"Street 878, Apt 16",97.95,Comfortable place,True,http://img.com/878.jpg,Interior view,2028-08-12,2028-08-14,Confirmed,594.7642792824458,Great experience!,5,2026-03-18
Owner_29,Surname_29,user29@mail.com,"Street 879, Apt 89",447.04,Comfortable place,True,http://img.com/879.jpg,Interior view,2028-08-13,2028-08-15,Confirmed,293.890598458341,Great experience!,2,2026-03-18
Owner_30,Surname_30,user30@mail.com,"Street 880, Apt 52",488.94,Comfortable place,True,http://img.com/880.jpg,Interior view,2028-08-14,2028-08-16,Confirmed,590.1850996062751,Great experience!,1,2026-03-18
Owner_31,Surname_31,user31@mail.com,"Street 881, Apt 68",321.6,Comfortable place,False,http://img.com/881.jpg,Interior view,2028-08-15,2028-08-17,Confirmed,429.80366849383523,Great experience!,5,2026-03-18
Owner_32,Surname_32,user32@mail.com,"Street 882, Apt 26",312.25,Comfortable place,True,http://img.com/882.jpg,Interior view,2028-08-16,2028-08-18,Confirmed,820.6590973415806,Great experience!,4,2026-03-18
Owner_33,Surname_33,user33@mail.com,"Street 883, Apt 93",402.81,Comfortable place,False,http://img.com/883.jpg,Interior view,2028-08-17,2028-08-19,Confirmed,995.7017204197992,Great experience!,5,2026-03-18
Owner_34,Surname_34,user34@mail.com,"Street 884, Apt 47",372.85,Comfortable place,True,http://img.com/884.jpg,Interior view,2028-08-18,2028-08-20,Confirmed,947.1782077547273,Great experience!,5,2026-03-18
Owner_35,Surname_35,user35@mail.com,"Street 885, Apt 15",195.47,Comfortable place,True,http://img.com/885.jpg,Interior view,2028-08-19,2028-08-21,Confirmed,312.45862246337833,Great experience!,2,2026-03-18
Owner_36,Surname_36,user36@mail.com,"Street 886, Apt 76",161.64,Comfortable place,True,http://img.com/886.jpg,Interior view,2028-08-20,2028-08-22,Confirmed,485.813570286086,Great experience!,3,2026-03-18
Owner_37,Surname_37,user37@mail.com,"Street 887, Apt 30",213.13,Comfortable place,False,http://img.com/887.jpg,Interior view,2028-08-21,2028-08-23,Confirmed,978.6324986798064,Great experience!,2,2026-03-18
Owner_38,Surname_38,user38@mail.com,"Street 888, Apt 58",317.36,Comfortable place,True,http://img.com/888.jpg,Interior view,2028-08-22,2028-08-24,Confirmed,492.5704546781578,Great experience!,1,2026-03-18
Owner_39,Surname_39,user39@mail.com,"Street 889, Apt 13",126.55,Comfortable place,False,http://img.com/889.jpg,Interior view,2028-08-23,2028-08-25,Confirmed,200.397935902551,Great experience!,4,2026-03-18
Owner_40,Surname_40,user40@mail.com,"Street 890, Apt 19",362.49,Comfortable place,True,http://img.com/890.jpg,Interior view,2028-08-24,2028-08-26,Confirmed,970.9364379097625,Great experience!,5,2026-03-18
Owner_41,Surname_41,user41@mail.com,"Street 891, Apt 86",350.07,Comfortable place,True,http://img.com/891.jpg,Interior view,2028-08-25,2028-08-27,Confirmed,559.2657732267971,Great experience!,1,2026-03-18
Owner_42,Surname_42,user42@mail.com,"Street 892, Apt 7",346.91,Comfortable place,False,http://img.com/892.jpg,Interior view,2028-08-26,2028-08-28,Confirmed,884.0178065750536,Great experience!,1,2026-03-18
Owner_43,Surname_43,user43@mail.com,"Street 893, Apt 22",158.84,Comfortable place,False,http://img.com/893.jpg,Interior view,2028-08-27,2028-08-29,Confirmed,135.6549038028628,Great experience!,2,2026-03-18
Owner_44,Surname_44,user44@mail.com,"Street 894, Apt 13",210.02,Comfortable place,False,http://img.com/894.jpg,Interior view,2028-08-28,2028-08-30,Confirmed,964.1894914988127,Great experience!,2,2026-03-18
Owner_45,Surname_45,user45@mail.com,"Street 895, Apt 57",465.53,Comfortable place,False,http://img.com/895.jpg,Interior view,2028-08-29,2028-08-31,Confirmed,733.0303892471478,Great experience!,2,2026-03-18
Owner_46,Surname_46,user46@mail.com,"Street 896, Apt 96",482.47,Comfortable place,True,http://img.com/896.jpg,Interior view,2028-08-30,2028-09-01,Confirmed,422.7350696858833,Great experience!,3,2026-03-18
Owner_47,Surname_47,user47@mail.com,"Street 897, Apt 11",310.54,Comfortable place,True,http://img.com/897.jpg,Interior view,2028-08-31,2028-09-02,Confirmed,811.6303862283769,Great experience!,3,2026-03-18
Owner_48,Surname_48,user48@mail.com,"Street 898, Apt 85",289.92,Comfortable place,True,http://img.com/898.jpg,Interior view,2028-09-01,2028-09-03,Confirmed,227.74221452591775,Great experience!,3,2026-03-18
Owner_49,Surname_49,user49@mail.com,"Street 899, Apt 26",117.84,Comfortable place,False,http://img.com/899.jpg,Interior view,2028-09-02,2028-09-04,Confirmed,367.57510080888346,Great experience!,1,2026-03-18
Owner_0,Surname_0,user0@mail.com,"Street 900, Apt 49",383.8,Comfortable place,False,http://img.com/900.jpg,Interior view,2028-09-03,2028-09-05,Confirmed,969.6974374995907,Great experience!,4,2026-03-18
Owner_1,Surname_1,user1@mail.com,"Street 901, Apt 54",439.28,Comfortable place,True,http://img.com/901.jpg,Interior view,2028-09-04,2028-09-06,Confirmed,848.933643543236,Great experience!,5,2026-03-18
Owner_2,Surname_2,user2@mail.com,"Street 902, Apt 57",317.18,Comfortable place,True,http://img.com/902.jpg,Interior view,2028-09-05,2028-09-07,Confirmed,345.0387848100273,Great experience!,1,2026-03-18
Owner_3,Surname_3,user3@mail.com,"Street 903, Apt 40",97.49,Comfortable place,False,http://img.com/903.jpg,Interior view,2028-09-06,2028-09-08,Confirmed,207.48584899371315,Great experience!,4,2026-03-18
Owner_4,Surname_4,user4@mail.com,"Street 904, Apt 56",445.37,Comfortable place,False,http://img.com/904.jpg,Interior view,2028-09-07,2028-09-09,Confirmed,433.4626258132756,Great experience!,5,2026-03-18
Owner_5,Surname_5,user5@mail.com,"Street 905, Apt 24",312.54,Comfortable place,True,http://img.com/905.jpg,Interior view,2028-09-08,2028-09-10,Confirmed,530.2581010771182,Great experience!,5,2026-03-18
Owner_6,Surname_6,user6@mail.com,"Street 906, Apt 86",223.85,Comfortable place,False,http://img.com/906.jpg,Interior view,2028-09-09,2028-09-11,Confirmed,848.3939071560707,Great experience!,5,2026-03-18
Owner_7,Surname_7,user7@mail.com,"Street 907, Apt 51",430.28,Comfortable place,False,http://img.com/907.jpg,Interior view,2028-09-10,2028-09-12,Confirmed,732.8385762189891,Great experience!,2,2026-03-18
Owner_8,Surname_8,user8@mail.com,"Street 908, Apt 38",187.32,Comfortable place,False,http://img.com/908.jpg,Interior view,2028-09-11,2028-09-13,Confirmed,832.8742630349669,Great experience!,1,2026-03-18
Owner_9,Surname_9,user9@mail.com,"Street 909, Apt 14",310.55,Comfortable place,True,http://img.com/909.jpg,Interior view,2028-09-12,2028-09-14,Confirmed,395.71329813074374,Great experience!,4,2026-03-18
Owner_10,Surname_10,user10@mail.com,"Street 910, Apt 25",403.64,Comfortable place,False,http://img.com/910.jpg,Interior view,2028-09-13,2028-09-15,Confirmed,114.5081423608942,Great experience!,2,2026-03-18
Owner_11,Surname_11,user11@mail.com,"Street 911, Apt 66",182.87,Comfortable place,False,http://img.com/911.jpg,Interior view,2028-09-14,2028-09-16,Confirmed,627.2030348303,Great experience!,4,2026-03-18
Owner_12,Surname_12,user12@mail.com,"Street 912, Apt 100",156.96,Comfortable place,False,http://img.com/912.jpg,Interior view,2028-09-15,2028-09-17,Confirmed,188.6772984430014,Great experience!,2,2026-03-18
Owner_13,Surname_13,user13@mail.com,"Street 913, Apt 38",57.43,Comfortable place,False,http://img.com/913.jpg,Interior view,2028-09-16,2028-09-18,Confirmed,698.9382820218709,Great experience!,5,2026-03-18
Owner_14,Surname_14,user14@mail.com,"Street 914, Apt 12",461.86,Comfortable place,False,http://img.com/914.jpg,Interior view,2028-09-17,2028-09-19,Confirmed,915.4438164499858,Great experience!,2,2026-03-18
Owner_15,Surname_15,user15@mail.com,"Street 915, Apt 50",222.4,Comfortable place,True,http://img.com/915.jpg,Interior view,2028-09-18,2028-09-20,Confirmed,432.082918514832,Great experience!,3,2026-03-18
Owner_16,Surname_16,user16@mail.com,"Street 916, Apt 3",226.14,Comfortable place,True,http://img.com/916.jpg,Interior view,2028-09-19,2028-09-21,Confirmed,374.4246631388098,Great experience!,5,2026-03-18
Owner_17,Surname_17,user17@mail.com,"Street 917, Apt 52",67.06,Comfortable place,True,http://img.com/917.jpg,Interior view,2028-09-20,2028-09-22,Confirmed,507.0266681526877,Great experience!,3,2026-03-18
Owner_18,Surname_18,user18@mail.com,"Street 918, Apt 14",276.53,Comfortable place,True,http://img.com/918.jpg,Interior view,2028-09-21,2028-09-23,Confirmed,435.83330826458536,Great experience!,1,2026-03-18
Owner_19,Surname_19,user19@mail.com,"Street 919, Apt 40",333.12,Comfortable place,False,http://img.com/919.jpg,Interior view,2028-09-22,2028-09-24,Confirmed,936.3397000684471,Great experience!,1,2026-03-18
Owner_20,Surname_20,user20@mail.com,"Street 920, Apt 85",113.15,Comfortable place,False,http://img.com/920.jpg,Interior view,2028-09-23,2028-09-25,Confirmed,355.0505774430295,Great experience!,4,2026-03-18
Owner_21,Surname_21,user21@mail.com,"Street 921, Apt 19",422.99,Comfortable place,False,http://img.com/921.jpg,Interior view,2028-09-24,2028-09-26,Confirmed,153.70085073000163,Great experience!,1,2026-03-18
Owner_22,Surname_22,user22@mail.com,"Street 922, Apt 89",211.42,Comfortable place,True,http://img.com/922.jpg,Interior view,2028-09-25,2028-09-27,Confirmed,535.6492070864997,Great experience!,4,2026-03-18
Owner_23,Surname_23,user23@mail.com,"Street 923, Apt 100",451.61,Comfortable place,True,http://img.com/923.jpg,Interior view,2028-09-26,2028-09-28,Confirmed,443.4494966768204,Great experience!,4,2026-03-18
Owner_24,Surname_24,user24@mail.com,"Street 924, Apt 20",406.16,Comfortable place,False,http://img.com/924.jpg,Interior view,2028-09-27,2028-09-29,Confirmed,144.96609661658854,Great experience!,3,2026-03-18
Owner_25,Surname_25,user25@mail.com,"Street 925, Apt 80",356.85,Comfortable place,False,http://img.com/925.jpg,Interior view,2028-09-28,2028-09-30,Confirmed,461.6082931169897,Great experience!,5,2026-03-18
Owner_26,Surname_26,user26@mail.com,"Street 926, Apt 12",83.85,Comfortable place,True,http://img.com/926.jpg,Interior view,2028-09-29,2028-10-01,Confirmed,758.954155340187,Great experience!,4,2026-03-18
Owner_27,Surname_27,user27@mail.com,"Street 927, Apt 95",198.05,Comfortable place,True,http://img.com/927.jpg,Interior view,2028-09-30,2028-10-02,Confirmed,156.25528731008404,Great experience!,4,2026-03-18
Owner_28,Surname_28,user28@mail.com,"Street 928, Apt 28",176.44,Comfortable place,True,http://img.com/928.jpg,Interior view,2028-10-01,2028-10-03,Confirmed,303.57017595539145,Great experience!,2,2026-03-18
Owner_29,Surname_29,user29@mail.com,"Street 929, Apt 94",216.63,Comfortable place,True,http://img.com/929.jpg,Interior view,2028-10-02,2028-10-04,Confirmed,278.96950657828165,Great experience!,5,2026-03-18
Owner_30,Surname_30,user30@mail.com,"Street 930, Apt 5",396.72,Comfortable place,True,http://img.com/930.jpg,Interior view,2028-10-03,2028-10-05,Confirmed,807.6346892213695,Great experience!,2,2026-03-18
Owner_31,Surname_31,user31@mail.com,"Street 931, Apt 64",260.87,Comfortable place,True,http://img.com/931.jpg,Interior view,2028-10-04,2028-10-06,Confirmed,973.4097301893578,Great experience!,5,2026-03-18
Owner_32,Surname_32,user32@mail.com,"Street 932, Apt 17",75.96,Comfortable place,True,http://img.com/932.jpg,Interior view,2028-10-05,2028-10-07,Confirmed,774.2806973734614,Great experience!,3,2026-03-18
Owner_33,Surname_33,user33@mail.com,"Street 933, Apt 92",382.33,Comfortable place,False,http://img.com/933.jpg,Interior view,2028-10-06,2028-10-08,Confirmed,920.6511678877313,Great experience!,5,2026-03-18
Owner_34,Surname_34,user34@mail.com,"Street 934, Apt 32",336.16,Comfortable place,False,http://img.com/934.jpg,Interior view,2028-10-07,2028-10-09,Confirmed,581.5706290790829,Great experience!,2,2026-03-18
Owner_35,Surname_35,user35@mail.com,"Street 935, Apt 40",463.49,Comfortable place,False,http://img.com/935.jpg,Interior view,2028-10-08,2028-10-10,Confirmed,768.0798930634945,Great experience!,2,2026-03-18
Owner_36,Surname_36,user36@mail.com,"Street 936, Apt 45",136.55,Comfortable place,False,http://img.com/936.jpg,Interior view,2028-10-09,2028-10-11,Confirmed,843.0048704210151,Great experience!,2,2026-03-18
Owner_37,Surname_37,user37@mail.com,"Street 937, Apt 53",60.11,Comfortable place,False,http://img.com/937.jpg,Interior view,2028-10-10,2028-10-12,Confirmed,350.17069074931953,Great experience!,1,2026-03-18
Owner_38,Surname_38,user38@mail.com,"Street 938, Apt 14",426.97,Comfortable place,False,http://img.com/938.jpg,Interior view,2028-10-11,2028-10-13,Confirmed,731.0689852719378,Great experience!,3,2026-03-18
Owner_39,Surname_39,user39@mail.com,"Street 939, Apt 99",127.2,Comfortable place,True,http://img.com/939.jpg,Interior view,2028-10-12,2028-10-14,Confirmed,807.0210571772354,Great experience!,4,2026-03-18
Owner_40,Surname_40,user40@mail.com,"Street 940, Apt 85",106.63,Comfortable place,True,http://img.com/940.jpg,Interior view,2028-10-13,2028-10-15,Confirmed,333.04425122449993,Great experience!,3,2026-03-18
Owner_41,Surname_41,user41@mail.com,"Street 941, Apt 11",64.88,Comfortable place,True,http://img.com/941.jpg,Interior view,2028-10-14,2028-10-16,Confirmed,302.74513575052254,Great experience!,3,2026-03-18
Owner_42,Surname_42,user42@mail.com,"Street 942, Apt 29",304.1,Comfortable place,True,http://img.com/942.jpg,Interior view,2028-10-15,2028-10-17,Confirmed,536.6187950879676,Great experience!,4,2026-03-18
Owner_43,Surname_43,user43@mail.com,"Street 943, Apt 44",157.77,Comfortable place,False,http://img.com/943.jpg,Interior view,2028-10-16,2028-10-18,Confirmed,929.0625095169238,Great experience!,1,2026-03-18
Owner_44,Surname_44,user44@mail.com,"Street 944, Apt 51",306.09,Comfortable place,True,http://img.com/944.jpg,Interior view,2028-10-17,2028-10-19,Confirmed,441.0934455457341,Great experience!,2,2026-03-18
Owner_45,Surname_45,user45@mail.com,"Street 945, Apt 19",100.19,Comfortable place,True,http://img.com/945.jpg,Interior view,2028-10-18,2028-10-20,Confirmed,491.07415523581653,Great experience!,1,2026-03-18
Owner_46,Surname_46,user46@mail.com,"Street 946, Apt 65",377.67,Comfortable place,False,http://img.com/946.jpg,Interior view,2028-10-19,2028-10-21,Confirmed,841.3696078732337,Great experience!,2,2026-03-18
Owner_47,Surname_47,user47@mail.com,"Street 947, Apt 11",415.0,Comfortable place,False,http://img.com/947.jpg,Interior view,2028-10-20,2028-10-22,Confirmed,430.9025403014985,Great experience!,1,2026-03-18
Owner_48,Surname_48,user48@mail.com,"Street 948, Apt 40",414.09,Comfortable place,False,http://img.com/948.jpg,Interior view,2028-10-21,2028-10-23,Confirmed,361.2610570818373,Great experience!,3,2026-03-18
Owner_49,Surname_49,user49@mail.com,"Street 949, Apt 49",443.7,Comfortable place,True,http://img.com/949.jpg,Interior view,2028-10-22,2028-10-24,Confirmed,705.9227725698375,Great experience!,3,2026-03-18
Owner_0,Surname_0,user0@mail.com,"Street 950, Apt 63",355.13,Comfortable place,False,http://img.com/950.jpg,Interior view,2028-10-23,2028-10-25,Confirmed,602.8821549391407,Great experience!,4,2026-03-18
Owner_1,Surname_1,user1@mail.com,"Street 951, Apt 24",432.9,Comfortable place,False,http://img.com/951.jpg,Interior view,2028-10-24,2028-10-26,Confirmed,604.2723615964601,Great experience!,2,2026-03-18
Owner_2,Surname_2,user2@mail.com,"Street 952, Apt 80",124.32,Comfortable place,True,http://img.com/952.jpg,Interior view,2028-10-25,2028-10-27,Confirmed,757.4181457335595,Great experience!,4,2026-03-18
Owner_3,Surname_3,user3@mail.com,"Street 953, Apt 64",495.35,Comfortable place,True,http://img.com/953.jpg,Interior view,2028-10-26,2028-10-28,Confirmed,758.1323997105636,Great experience!,4,2026-03-18
Owner_4,Surname_4,user4@mail.com,"Street 954, Apt 42",85.94,Comfortable place,False,http://img.com/954.jpg,Interior view,2028-10-27,2028-10-29,Confirmed,929.3265115614463,Great experience!,2,2026-03-18
Owner_5,Surname_5,user5@mail.com,"Street 955, Apt 38",334.57,Comfortable place,False,http://img.com/955.jpg,Interior view,2028-10-28,2028-10-30,Confirmed,322.0561545182307,Great experience!,3,2026-03-18
Owner_6,Surname_6,user6@mail.com,"Street 956, Apt 60",445.7,Comfortable place,False,http://img.com/956.jpg,Interior view,2028-10-29,2028-10-31,Confirmed,848.0429857346543,Great experience!,5,2026-03-18
Owner_7,Surname_7,user7@mail.com,"Street 957, Apt 79",438.95,Comfortable place,True,http://img.com/957.jpg,Interior view,2028-10-30,2028-11-01,Confirmed,142.56298527769337,Great experience!,1,2026-03-18
Owner_8,Surname_8,user8@mail.com,"Street 958, Apt 25",454.27,Comfortable place,False,http://img.com/958.jpg,Interior view,2028-10-31,2028-11-02,Confirmed,781.2118586019338,Great experience!,4,2026-03-18
Owner_9,Surname_9,user9@mail.com,"Street 959, Apt 72",88.32,Comfortable place,False,http://img.com/959.jpg,Interior view,2028-11-01,2028-11-03,Confirmed,458.36220684609043,Great experience!,3,2026-03-18
Owner_10,Surname_10,user10@mail.com,"Street 960, Apt 84",471.86,Comfortable place,True,http://img.com/960.jpg,Interior view,2028-11-02,2028-11-04,Confirmed,293.654406546324,Great experience!,4,2026-03-18
Owner_11,Surname_11,user11@mail.com,"Street 961, Apt 16",116.78,Comfortable place,True,http://img.com/961.jpg,Interior view,2028-11-03,2028-11-05,Confirmed,259.85144521448717,Great experience!,1,2026-03-18
Owner_12,Surname_12,user12@mail.com,"Street 962, Apt 85",453.67,Comfortable place,True,http://img.com/962.jpg,Interior view,2028-11-04,2028-11-06,Confirmed,319.6077334063313,Great experience!,3,2026-03-18
Owner_13,Surname_13,user13@mail.com,"Street 963, Apt 39",113.78,Comfortable place,True,http://img.com/963.jpg,Interior view,2028-11-05,2028-11-07,Confirmed,212.2693355150874,Great experience!,4,2026-03-18
Owner_14,Surname_14,user14@mail.com,"Street 964, Apt 41",177.43,Comfortable place,False,http://img.com/964.jpg,Interior view,2028-11-06,2028-11-08,Confirmed,557.8301137988785,Great experience!,3,2026-03-18
Owner_15,Surname_15,user15@mail.com,"Street 965, Apt 52",125.97,Comfortable place,False,http://img.com/965.jpg,Interior view,2028-11-07,2028-11-09,Confirmed,129.00649607647966,Great experience!,5,2026-03-18
Owner_16,Surname_16,user16@mail.com,"Street 966, Apt 92",404.23,Comfortable place,False,http://img.com/966.jpg,Interior view,2028-11-08,2028-11-10,Confirmed,851.688604807946,Great experience!,3,2026-03-18
Owner_17,Surname_17,user17@mail.com,"Street 967, Apt 37",429.86,Comfortable place,False,http://img.com/967.jpg,Interior view,2028-11-09,2028-11-11,Confirmed,911.9616904203194,Great experience!,5,2026-03-18
Owner_18,Surname_18,user18@mail.com,"Street 968, Apt 83",474.34,Comfortable place,True,http://img.com/968.jpg,Interior view,2028-11-10,2028-11-12,Confirmed,435.4828534250603,Great experience!,2,2026-03-18
Owner_19,Surname_19,user19@mail.com,"Street 969, Apt 10",335.6,Comfortable place,True,http://img.com/969.jpg,Interior view,2028-11-11,2028-11-13,Confirmed,502.8561394183574,Great experience!,1,2026-03-18
Owner_20,Surname_20,user20@mail.com,"Street 970, Apt 95",131.24,Comfortable place,False,http://img.com/970.jpg,Interior view,2028-11-12,2028-11-14,Confirmed,214.94449631461174,Great experience!,1,2026-03-18
Owner_21,Surname_21,user21@mail.com,"Street 971, Apt 53",336.02,Comfortable place,False,http://img.com/971.jpg,Interior view,2028-11-13,2028-11-15,Confirmed,540.8269982178783,Great experience!,3,2026-03-18
Owner_22,Surname_22,user22@mail.com,"Street 972, Apt 4",239.36,Comfortable place,False,http://img.com/972.jpg,Interior view,2028-11-14,2028-11-16,Confirmed,665.2233651302345,Great experience!,1,2026-03-18
Owner_23,Surname_23,user23@mail.com,"Street 973, Apt 53",257.43,Comfortable place,True,http://img.com/973.jpg,Interior view,2028-11-15,2028-11-17,Confirmed,833.3597985712171,Great experience!,2,2026-03-18
Owner_24,Surname_24,user24@mail.com,"Street 974, Apt 49",406.15,Comfortable place,False,http://img.com/974.jpg,Interior view,2028-11-16,2028-11-18,Confirmed,721.8502353787258,Great experience!,5,2026-03-18
Owner_25,Surname_25,user25@mail.com,"Street 975, Apt 29",284.32,Comfortable place,False,http://img.com/975.jpg,Interior view,2028-11-17,2028-11-19,Confirmed,650.9443921531763,Great experience!,2,2026-03-18
Owner_26,Surname_26,user26@mail.com,"Street 976, Apt 28",175.21,Comfortable place,True,http://img.com/976.jpg,Interior view,2028-11-18,2028-11-20,Confirmed,294.8643090454904,Great experience!,5,2026-03-18
Owner_27,Surname_27,user27@mail.com,"Street 977, Apt 69",126.9,Comfortable place,False,http://img.com/977.jpg,Interior view,2028-11-19,2028-11-21,Confirmed,447.79717075927215,Great experience!,1,2026-03-18
Owner_28,Surname_28,user28@mail.com,"Street 978, Apt 74",333.6,Comfortable place,False,http://img.com/978.jpg,Interior view,2028-11-20,2028-11-22,Confirmed,699.2000092475168,Great experience!,2,2026-03-18
Owner_29,Surname_29,user29@mail.com,"Street 979, Apt 20",286.57,Comfortable place,False,http://img.com/979.jpg,Interior view,2028-11-21,2028-11-23,Confirmed,961.243182896219,Great experience!,2,2026-03-18
Owner_30,Surname_30,user30@mail.com,"Street 980, Apt 29",72.0,Comfortable place,True,http://img.com/980.jpg,Interior view,2028-11-22,2028-11-24,Confirmed,635.8851514470206,Great experience!,5,2026-03-18
Owner_31,Surname_31,user31@mail.com,"Street 981, Apt 49",349.45,Comfortable place,True,http://img.com/981.jpg,Interior view,2028-11-23,2028-11-25,Confirmed,192.91755650937228,Great experience!,3,2026-03-18
Owner_32,Surname_32,user32@mail.com,"Street 982, Apt 1",344.48,Comfortable place,True,http://img.com/982.jpg,Interior view,2028-11-24,2028-11-26,Confirmed,619.2431706439089,Great experience!,3,2026-03-18
Owner_33,Surname_33,user33@mail.com,"Street 983, Apt 75",382.53,Comfortable place,True,http://img.com/983.jpg,Interior view,2028-11-25,2028-11-27,Confirmed,564.5425304404102,Great experience!,5,2026-03-18
Owner_34,Surname_34,user34@mail.com,"Street 984, Apt 85",419.48,Comfortable place,True,http://img.com/984.jpg,Interior view,2028-11-26,2028-11-28,Confirmed,740.4014145975855,Great experience!,5,2026-03-18
Owner_35,Surname_35,user35@mail.com,"Street 985, Apt 2",84.44,Comfortable place,True,http://img.com/985.jpg,Interior view,2028-11-27,2028-11-29,Confirmed,880.7756376428893,Great experience!,3,2026-03-18
Owner_36,Surname_36,user36@mail.com,"Street 986, Apt 83",183.02,Comfortable place,False,http://img.com/986.jpg,Interior view,2028-11-28,2028-11-30,Confirmed,588.2934513880189,Great experience!,2,2026-03-18
Owner_37,Surname_37,user37@mail.com,"Street 987, Apt 34",398.53,Comfortable place,True,http://img.com/987.jpg,Interior view,2028-11-29,2028-12-01,Confirmed,648.9163485347566,Great experience!,5,2026-03-18
Owner_38,Surname_38,user38@mail.com,"Street 988, Apt 22",212.69,Comfortable place,True,http://img.com/988.jpg,Interior view,2028-11-30,2028-12-02,Confirmed,499.1220763642964,Great experience!,1,2026-03-18
Owner_39,Surname_39,user39@mail.com,"Street 989, Apt 64",362.6,Comfortable place,True,http://img.com/989.jpg,Interior view,2028-12-01,2028-12-03,Confirmed,283.7288122059729,Great experience!,5,2026-03-18
Owner_40,Surname_40,user40@mail.com,"Street 990, Apt 98",82.58,Comfortable place,False,http://img.com/990.jpg,Interior view,2028-12-02,2028-12-04,Confirmed,902.926742199506,Great experience!,2,2026-03-18
Owner_41,Surname_41,user41@mail.com,"Street 991, Apt 15",444.94,Comfortable place,True,http://img.com/991.jpg,Interior view,2028-12-03,2028-12-05,Confirmed,667.1769868567159,Great experience!,3,2026-03-18
Owner_42,Surname_42,user42@mail.com,"Street 992, Apt 61",483.11,Comfortable place,False,http://img.com/992.jpg,Interior view,2028-12-04,2028-12-06,Confirmed,379.33117557365233,Great experience!,3,2026-03-18
Owner_43,Surname_43,user43@mail.com,"Street 993, Apt 64",92.31,Comfortable place,True,http://img.com/993.jpg,Interior view,2028-12-05,2028-12-07,Confirmed,573.4313458858205,Great experience!,2,2026-03-18
Owner_44,Surname_44,user44@mail.com,"Street 994, Apt 77",468.64,Comfortable place,True,http://img.com/994.jpg,Interior view,2028-12-06,2028-12-08,Confirmed,498.2313565674045,Great experience!,5,2026-03-18
Owner_45,Surname_45,user45@mail.com,"Street 995, Apt 40",407.23,Comfortable place,False,http://img.com/995.jpg,Interior view,2028-12-07,2028-12-09,Confirmed,967.5679415123634,Great experience!,5,2026-03-18
Owner_46,Surname_46,user46@mail.com,"Street 996, Apt 52",362.33,Comfortable place,False,http://img.com/996.jpg,Interior view,2028-12-08,2028-12-10,Confirmed,632.8919864717288,Great experience!,1,2026-03-18
Owner_47,Surname_47,user47@mail.com,"Street 997, Apt 98",67.88,Comfortable place,False,http://img.com/997.jpg,Interior view,2028-12-09,2028-12-11,Confirmed,435.3851474837897,Great experience!,1,2026-03-18
Owner_48,Surname_48,user48@mail.com,"Street 998, Apt 81",474.03,Comfortable place,True,http://img.com/998.jpg,Interior view,2028-12-10,2028-12-12,Confirmed,354.2750116927432,Great experience!,5,2026-03-18
Owner_49,Surname_49,user49@mail.com,"Street 999, Apt 79",277.97,Comfortable place,True,http://img.com/999.jpg,Interior view,2028-12-11,2028-12-13,Confirmed,121.63385036386126,Great experience!,4,2026-03-18
Owner_0,Surname_0,user0@mail.com,"Street 1000, Apt 94",170.08,Comfortable place,True,http://img.com/1000.jpg,Interior view,2028-12-12,2028-12-14,Confirmed,481.0241582900893,Great experience!,5,2026-03-18
Owner_1,Surname_1,user1@mail.com,"Street 1001, Apt 28",65.67,Comfortable place,True,http://img.com/1001.jpg,Interior view,2028-12-13,2028-12-15,Confirmed,352.6933699721475,Great experience!,4,2026-03-18
Owner_2,Surname_2,user2@mail.com,"Street 1002, Apt 86",122.39,Comfortable place,False,http://img.com/1002.jpg,Interior view,2028-12-14,2028-12-16,Confirmed,710.5643025842238,Great experience!,5,2026-03-18
Owner_3,Surname_3,user3@mail.com,"Street 1003, Apt 73",473.83,Comfortable place,False,http://img.com/1003.jpg,Interior view,2028-12-15,2028-12-17,Confirmed,138.48142281257705,Great experience!,1,2026-03-18
Owner_4,Surname_4,user4@mail.com,"Street 1004, Apt 24",195.37,Comfortable place,True,http://img.com/1004.jpg,Interior view,2028-12-16,2028-12-18,Confirmed,704.5059746086603,Great experience!,3,2026-03-18
Owner_5,Surname_5,user5@mail.com,"Street 1005, Apt 28",304.34,Comfortable place,True,http://img.com/1005.jpg,Interior view,2028-12-17,2028-12-19,Confirmed,841.0847240518702,Great experience!,2,2026-03-18
Owner_6,Surname_6,user6@mail.com,"Street 1006, Apt 69",480.68,Comfortable place,False,http://img.com/1006.jpg,Interior view,2028-12-18,2028-12-20,Confirmed,613.6271511664878,Great experience!,5,2026-03-18
Owner_7,Surname_7,user7@mail.com,"Street 1007, Apt 69",254.55,Comfortable place,True,http://img.com/1007.jpg,Interior view,2028-12-19,2028-12-21,Confirmed,937.280850899027,Great experience!,1,2026-03-18
Owner_8,Surname_8,user8@mail.com,"Street 1008, Apt 41",418.74,Comfortable place,False,http://img.com/1008.jpg,Interior view,2028-12-20,2028-12-22,Confirmed,643.8407685758463,Great experience!,2,2026-03-18
Owner_9,Surname_9,user9@mail.com,"Street 1009, Apt 42",274.13,Comfortable place,False,http://img.com/1009.jpg,Interior view,2028-12-21,2028-12-23,Confirmed,598.8142557115466,Great experience!,1,2026-03-18
Owner_10,Surname_10,user10@mail.com,"Street 1010, Apt 66",443.19,Comfortable place,False,http://img.com/1010.jpg,Interior view,2028-12-22,2028-12-24,Confirmed,395.55071267338417,Great experience!,2,2026-03-18
Owner_11,Surname_11,user11@mail.com,"Street 1011, Apt 20",393.23,Comfortable place,False,http://img.com/1011.jpg,Interior view,2028-12-23,2028-12-25,Confirmed,196.4816268525969,Great experience!,1,2026-03-18
Owner_12,Surname_12,user12@mail.com,"Street 1012, Apt 60",294.06,Comfortable place,False,http://img.com/1012.jpg,Interior view,2028-12-24,2028-12-26,Confirmed,914.5555978496307,Great experience!,3,2026-03-18
Owner_13,Surname_13,user13@mail.com,"Street 1013, Apt 39",395.19,Comfortable place,False,http://img.com/1013.jpg,Interior view,2028-12-25,2028-12-27,Confirmed,190.133666154533,Great experience!,4,2026-03-18
Owner_14,Surname_14,user14@mail.com,"Street 1014, Apt 70",232.77,Comfortable place,True,http://img.com/1014.jpg,Interior view,2028-12-26,2028-12-28,Confirmed,501.77180813430937,Great experience!,1,2026-03-18
Owner_15,Surname_15,user15@mail.com,"Street 1015, Apt 85",104.28,Comfortable place,True,http://img.com/1015.jpg,Interior view,2028-12-27,2028-12-29,Confirmed,537.8831682439866,Great experience!,2,2026-03-18
Owner_16,Surname_16,user16@mail.com,"Street 1016, Apt 13",201.29,Comfortable place,False,http://img.com/1016.jpg,Interior view,2028-12-28,2028-12-30,Confirmed,182.24921959801483,Great experience!,5,2026-03-18
Owner_17,Surname_17,user17@mail.com,"Street 1017, Apt 67",471.72,Comfortable place,True,http://img.com/1017.jpg,Interior view,2028-12-29,2028-12-31,Confirmed,851.4744546956599,Great experience!,1,2026-03-18
Owner_18,Surname_18,user18@mail.com,"Street 1018, Apt 40",378.35,Comfortable place,True,http://img.com/1018.jpg,Interior view,2028-12-30,2029-01-01,Confirmed,398.84092565166696,Great experience!,5,2026-03-18
Owner_19,Surname_19,user19@mail.com,"Street 1019, Apt 44",133.01,Comfortable place,False,http://img.com/1019.jpg,Interior view,2028-12-31,2029-01-02,Confirmed,494.96923748652785,Great experience!,2,2026-03-18
Owner_20,Surname_20,user20@mail.com,"Street 1020, Apt 82",152.54,Comfortable place,False,http://img.com/1020.jpg,Interior view,2029-01-01,2029-01-03,Confirmed,742.2149290338573,Great experience!,1,2026-03-18
Owner_21,Surname_21,user21@mail.com,"Street 1021, Apt 81",433.03,Comfortable place,False,http://img.com/1021.jpg,Interior view,2029-01-02,2029-01-04,Confirmed,224.74979850351133,Great experience!,4,2026-03-18
Owner_22,Surname_22,user22@mail.com,"Street 1022, Apt 18",443.83,Comfortable place,False,http://img.com/1022.jpg,Interior view,2029-01-03,2029-01-05,Confirmed,736.6011419622924,Great experience!,2,2026-03-18
Owner_23,Surname_23,user23@mail.com,"Street 1023, Apt 93",239.98,Comfortable place,True,http://img.com/1023.jpg,Interior view,2029-01-04,2029-01-06,Confirmed,315.8329667733492,Great experience!,4,2026-03-18
Owner_24,Surname_24,user24@mail.com,"Street 1024, Apt 60",377.21,Comfortable place,True,http://img.com/1024.jpg,Interior view,2029-01-05,2029-01-07,Confirmed,209.33680857677678,Great experience!,2,2026-03-18
Owner_25,Surname_25,user25@mail.com,"Street 1025, Apt 37",152.28,Comfortable place,False,http://img.com/1025.jpg,Interior view,2029-01-06,2029-01-08,Confirmed,257.92238207702064,Great experience!,3,2026-03-18
Owner_26,Surname_26,user26@mail.com,"Street 1026, Apt 31",87.28,Comfortable place,False,http://img.com/1026.jpg,Interior view,2029-01-07,2029-01-09,Confirmed,661.8067820208348,Great experience!,4,2026-03-18
Owner_27,Surname_27,user27@mail.com,"Street 1027, Apt 30",175.71,Comfortable place,True,http://img.com/1027.jpg,Interior view,2029-01-08,2029-01-10,Confirmed,628.0339453865736,Great experience!,3,2026-03-18
Owner_28,Surname_28,user28@mail.com,"Street 1028, Apt 66",304.8,Comfortable place,False,http://img.com/1028.jpg,Interior view,2029-01-09,2029-01-11,Confirmed,789.9499433832157,Great experience!,1,2026-03-18
Owner_29,Surname_29,user29@mail.com,"Street 1029, Apt 21",93.26,Comfortable place,False,http://img.com/1029.jpg,Interior view,2029-01-10,2029-01-12,Confirmed,739.2371221904617,Great experience!,2,2026-03-18
Owner_30,Surname_30,user30@mail.com,"Street 1030, Apt 51",150.56,Comfortable place,True,http://img.com/1030.jpg,Interior view,2029-01-11,2029-01-13,Confirmed,669.1562292753115,Great experience!,4,2026-03-18
Owner_31,Surname_31,user31@mail.com,"Street 1031, Apt 18",232.39,Comfortable place,True,http://img.com/1031.jpg,Interior view,2029-01-12,2029-01-14,Confirmed,260.9822395662442,Great experience!,2,2026-03-18
Owner_32,Surname_32,user32@mail.com,"Street 1032, Apt 29",482.7,Comfortable place,False,http://img.com/1032.jpg,Interior view,2029-01-13,2029-01-15,Confirmed,354.6890299421085,Great experience!,3,2026-03-18
Owner_33,Surname_33,user33@mail.com,"Street 1033, Apt 64",68.19,Comfortable place,True,http://img.com/1033.jpg,Interior view,2029-01-14,2029-01-16,Confirmed,739.3370046430255,Great experience!,1,2026-03-18
Owner_34,Surname_34,user34@mail.com,"Street 1034, Apt 23",207.36,Comfortable place,True,http://img.com/1034.jpg,Interior view,2029-01-15,2029-01-17,Confirmed,678.7560227162173,Great experience!,5,2026-03-18
Owner_35,Surname_35,user35@mail.com,"Street 1035, Apt 23",424.19,Comfortable place,False,http://img.com/1035.jpg,Interior view,2029-01-16,2029-01-18,Confirmed,993.8222306138299,Great experience!,5,2026-03-18
Owner_36,Surname_36,user36@mail.com,"Street 1036, Apt 37",176.85,Comfortable place,False,http://img.com/1036.jpg,Interior view,2029-01-17,2029-01-19,Confirmed,129.89970921888855,Great experience!,4,2026-03-18
Owner_37,Surname_37,user37@mail.com,"Street 1037, Apt 80",305.6,Comfortable place,False,http://img.com/1037.jpg,Interior view,2029-01-18,2029-01-20,Confirmed,705.478502711559,Great experience!,5,2026-03-18
Owner_38,Surname_38,user38@mail.com,"Street 1038, Apt 69",354.95,Comfortable place,False,http://img.com/1038.jpg,Interior view,2029-01-19,2029-01-21,Confirmed,699.8099208344391,Great experience!,3,2026-03-18
Owner_39,Surname_39,user39@mail.com,"Street 1039, Apt 5",469.44,Comfortable place,False,http://img.com/1039.jpg,Interior view,2029-01-20,2029-01-22,Confirmed,841.0257203719855,Great experience!,1,2026-03-18
Owner_40,Surname_40,user40@mail.com,"Street 1040, Apt 20",205.18,Comfortable place,False,http://img.com/1040.jpg,Interior view,2029-01-21,2029-01-23,Confirmed,916.6291859056134,Great experience!,5,2026-03-18
Owner_41,Surname_41,user41@mail.com,"Street 1041, Apt 97",334.04,Comfortable place,True,http://img.com/1041.jpg,Interior view,2029-01-22,2029-01-24,Confirmed,875.5309716332631,Great experience!,4,2026-03-18
Owner_42,Surname_42,user42@mail.com,"Street 1042, Apt 22",139.93,Comfortable place,False,http://img.com/1042.jpg,Interior view,2029-01-23,2029-01-25,Confirmed,516.2564664937915,Great experience!,3,2026-03-18
Owner_43,Surname_43,user43@mail.com,"Street 1043, Apt 63",69.13,Comfortable place,True,http://img.com/1043.jpg,Interior view,2029-01-24,2029-01-26,Confirmed,474.664742442693,Great experience!,2,2026-03-18
Owner_44,Surname_44,user44@mail.com,"Street 1044, Apt 35",257.09,Comfortable place,False,http://img.com/1044.jpg,Interior view,2029-01-25,2029-01-27,Confirmed,269.2209250043408,Great experience!,3,2026-03-18
Owner_45,Surname_45,user45@mail.com,"Street 1045, Apt 31",378.25,Comfortable place,False,http://img.com/1045.jpg,Interior view,2029-01-26,2029-01-28,Confirmed,907.7244722566588,Great experience!,4,2026-03-18
Owner_46,Surname_46,user46@mail.com,"Street 1046, Apt 58",265.53,Comfortable place,False,http://img.com/1046.jpg,Interior view,2029-01-27,2029-01-29,Confirmed,825.0651527620312,Great experience!,1,2026-03-18
Owner_47,Surname_47,user47@mail.com,"Street 1047, Apt 16",461.46,Comfortable place,True,http://img.com/1047.jpg,Interior view,2029-01-28,2029-01-30,Confirmed,105.48038499021874,Great experience!,3,2026-03-18
Owner_48,Surname_48,user48@mail.com,"Street 1048, Apt 70",341.09,Comfortable place,True,http://img.com/1048.jpg,Interior view,2029-01-29,2029-01-31,Confirmed,176.72639235363772,Great experience!,3,2026-03-18
Owner_49,Surname_49,user49@mail.com,"Street 1049, Apt 86",348.02,Comfortable place,True,http://img.com/1049.jpg,Interior view,2029-01-30,2029-02-01,Confirmed,117.69283865922267,Great experience!,4,2026-03-18
